,AFG,AGO,ALB,AND,ANT,ARE,ARG,ARM,ATG,AUS,AUT,AZE,BDI,BEL,BEN,BFA,BGD,BGR,BHR,BHS,BIH,BLR,BLZ,BMU,BOL,BRA,BRB,BRN,BTN,BWA,CAF,CAN,CHE,CHL,CHN,CIV,CMR,COD,COL,COM,CPV,CRI,CUB,CYP,CZE,DEU,DJI,DNK,DOM,DZA,ECU,EGY,ERI,ESP,EST,ETH,FIN,FJI,FRA,FSM,GAB,GBR,GEO,GHA,GIB,GIN,GLP,GMB,GRC,GRD,GRL,GTM,GUF,GUY,HND,HRV,HTI,HUN,IDN,IND,IRL,IRN,IRQ,ISL,ISR,ITA,JAM,JOR,JPN,KAZ,KEN,KGZ,KHM,KNA,KOR,KOS,KWT,LAO,LBN,LBR,LBY,LCA,LIE,LKA,LSO,LTU,LUX,LVA,MAR,MCO,MDA,MDG,MDV,MEX,MKD,MLI,MLT,MMR,MNE,MNG,MOZ,MRT,MUS,MWI,MYS,NAM,NCL,NER,NGA,NIC,NLD,NOR,NPL,NZL,OMN,PAK,PAN,PER,PHL,PLW,PNG,POL,PRK,PRT,PRY,PSE,PYF,QAT,REU,ROU,RUS,RWA,SAU,SDN,SEN,SGP,SLB,SLE,SLV,SMR,SOM,SRB,SSD,STP,SUR,SVK,SVN,SWE,SWZ,SYC,SYR,TCD,TGO,THA,TJK,TKM,TLS,TOA,TTO,TUN,TUR,TWN,TZA,UGA,UKR,URY,USA,UZB,VAT,VCT,VEN,VNM,VUT,WAS,WSM,YEM,ZAF,ZMB,ZRN,ZWE
AFG,0,2,0,0,0,2,1,0,0,12,5,0,1,8,3,2,6,0,2,0,0,0,0,0,0,3,0,0,2,0,2,9,5,1,5,3,2,5,4,0,0,2,0,0,0,7,0,2,0,1,0,4,0,5,1,6,3,0,9,1,2,21,0,5,0,1,0,2,1,0,0,1,1,0,0,0,3,0,6,17,1,9,2,1,3,3,0,3,11,1,4,3,1,0,2,0,1,2,4,0,2,0,0,3,0,0,3,0,3,0,1,3,1,5,0,2,0,2,0,2,3,0,0,1,4,0,1,2,5,0,5,2,3,3,1,13,1,3,4,0,1,1,0,2,1,0,0,5,0,0,3,4,3,2,2,2,1,1,1,0,2,1,0,0,0,2,0,4,0,0,2,0,2,8,2,0,0,0,0,2,2,1,3,3,1,1,32,1,0,0,0,3,0,0,0,1,6,4,0,1
AGO,2,0,0,0,0,2,2,0,1,7,2,0,0,4,2,1,3,0,2,0,0,0,0,0,0,18,1,0,0,0,1,4,7,3,4,4,3,5,2,0,0,3,4,0,0,13,0,2,1,2,0,2,0,12,3,4,4,1,7,2,1,17,1,6,0,1,0,3,2,1,0,1,0,0,0,0,0,0,4,3,2,2,3,2,3,7,0,2,2,0,5,2,1,1,2,0,0,0,2,0,0,0,0,2,0,1,2,1,3,0,2,1,0,3,0,1,0,1,0,1,1,0,0,1,2,3,2,1,5,0,6,3,0,4,1,2,2,3,3,0,2,2,0,34,1,0,0,2,0,2,4,3,3,1,0,2,0,0,1,0,0,2,0,0,0,2,0,5,0,0,0,0,2,1,0,0,0,0,0,3,2,2,6,5,2,2,18,0,0,0,1,3,0,0,0,0,10,4,4,1
ALB,0,0,0,0,0,1,4,1,0,7,13,0,0,9,1,1,1,9,0,0,9,4,0,0,0,5,0,2,0,1,0,11,17,1,3,1,1,0,4,0,0,1,0,3,10,19,0,8,0,1,1,4,0,15,5,0,4,0,21,0,0,24,5,1,0,0,0,0,17,0,0,0,0,0,0,16,0,5,5,5,3,1,0,4,5,72,0,2,6,2,1,1,0,0,3,20,0,0,2,0,1,0,0,0,0,3,0,2,3,0,2,0,0,3,12,0,3,0,11,1,0,0,0,0,2,0,0,0,2,0,11,9,0,1,1,3,0,1,1,0,1,13,0,7,1,0,1,1,0,10,10,0,4,1,1,3,0,1,0,0,0,18,0,0,0,6,16,11,0,0,1,0,0,2,0,0,0,0,1,2,16,3,1,1,3,0,37,1,0,0,1,1,0,0,0,0,3,1,0,1
AND,0,0,0,0,0,0,0,0,0,0,1,0,0,1,0,0,0,0,0,0,0,0,0,0,0,0,0,0,0,0,0,1,0,0,0,0,0,0,0,0,0,0,0,0,0,1,0,0,0,0,0,0,0,14,0,0,0,0,1,0,0,0,0,0,0,0,0,0,0,0,0,0,0,0,0,0,0,0,0,0,1,0,0,0,0,1,0,0,0,0,0,0,0,0,0,0,0,0,0,0,0,0,0,0,0,0,0,0,0,0,0,0,0,0,0,0,0,0,0,0,0,0,0,0,0,0,0,0,0,0,2,0,0,0,0,0,0,0,0,0,0,0,0,1,0,0,0,0,0,0,0,0,0,0,0,0,0,0,0,0,0,0,0,0,0,0,0,0,0,0,0,0,0,0,0,0,0,0,0,0,0,0,0,0,0,0,1,0,0,0,0,0,0,0,0,0,0,0,0,0
ANT,0,0,0,0,0,1,0,0,0,0,2,0,0,0,0,0,0,0,0,0,0,0,0,0,0,2,0,0,0,0,0,0,0,0,0,0,0,0,0,0,0,0,0,0,0,2,0,0,0,0,0,0,0,2,0,0,0,0,0,0,0,2,0,0,0,0,0,0,0,0,0,0,0,0,0,0,0,0,1,0,0,0,0,0,0,1,0,0,0,0,0,0,0,0,0,0,0,0,0,0,0,0,0,0,0,0,0,0,0,0,0,0,0,0,0,0,0,0,0,0,0,0,0,0,1,0,0,0,0,0,23,0,2,0,0,0,0,0,0,0,0,0,0,0,0,0,0,2,0,0,0,0,0,0,0,0,0,0,0,0,0,0,0,0,1,0,0,0,0,0,0,0,0,0,0,0,0,0,0,0,0,0,0,0,0,0,8,0,0,0,0,0,0,0,0,0,0,0,0,0
ARE,2,2,1,0,1,0,27,0,0,174,40,0,0,37,10,2,19,8,33,0,4,1,0,0,1,56,0,3,1,3,0,326,47,32,170,5,7,5,28,0,0,8,1,13,15,194,0,39,1,53,6,164,0,98,9,17,30,0,151,5,1,364,6,6,0,1,0,1,93,0,0,0,0,0,1,10,0,19,8,197,32,66,24,7,38,153,2,94,66,5,17,4,0,0,99,1,45,0,48,0,7,1,0,8,0,6,8,5,23,1,2,0,0,23,4,0,5,3,0,1,6,0,1,5,114,0,5,0,10,0,92,26,6,31,59,95,6,11,19,0,3,40,0,42,3,1,0,113,0,16,35,5,233,15,3,54,0,1,1,0,0,25,0,0,0,11,10,75,0,0,7,0,3,26,0,0,0,0,3,53,83,26,7,6,12,6,728,3,2,0,9,14,0,0,0,4,56,6,1,9
ARG,1,2,4,0,0,27,0,121,0,464,243,120,0,196,8,3,26,91,5,1,9,125,0,1,40,1047,1,5,1,1,0,519,362,603,326,8,14,5,372,0,1,46,43,7,230,825,0,232,11,14,77,36,0,1230,22,11,70,2,729,3,3,652,128,11,0,1,1,1,185,0,2,28,3,0,14,28,4,176,24,151,56,44,5,11,209,589,6,10,293,4,29,5,2,0,85,1,9,1,16,0,2,0,0,10,1,19,10,14,135,1,1,2,0,383,7,2,10,5,0,4,11,0,1,9,156,0,4,0,26,8,358,198,5,81,9,41,32,113,33,0,3,241,0,262,26,6,0,17,1,171,219,4,45,7,1,43,0,1,12,1,0,141,0,0,3,149,162,255,0,3,2,0,3,42,1,0,0,0,3,20,206,168,10,14,23,192,1772,1,0,0,74,22,0,0,0,0,261,12,0,10
ARM,0,0,1,0,0,0,121,0,0,133,252,122,0,106,0,0,1,179,0,0,1,226,0,0,0,268,0,2,0,0,0,137,273,132,275,0,0,0,218,0,0,1,38,98,265,320,0,165,0,1,24,98,0,279,105,0,140,0,320,0,0,304,223,0,0,0,0,0,267,0,0,0,0,0,0,141,0,257,13,144,104,107,0,3,132,301,0,1,169,3,2,1,0,0,153,0,0,0,0,0,0,0,0,95,0,99,0,27,120,0,4,1,1,143,0,0,0,1,2,3,0,0,0,0,215,3,0,0,0,0,168,166,0,99,1,136,0,40,0,0,1,272,0,228,0,6,0,96,0,166,395,0,79,0,0,6,0,0,0,0,0,223,0,0,0,166,124,168,1,0,0,0,0,138,0,0,0,0,0,2,261,230,0,0,141,0,347,9,0,0,2,0,0,0,0,0,163,0,0,0
ATG,0,1,0,0,0,0,0,0,0,1,0,0,0,0,0,0,1,0,0,0,0,0,0,0,0,0,1,0,0,0,0,1,0,0,0,0,0,0,1,0,0,0,0,0,0,0,0,0,1,0,0,0,0,0,0,0,0,0,1,0,0,2,0,0,0,0,0,0,0,1,0,0,0,0,0,0,0,0,0,3,2,0,0,0,0,0,1,0,0,0,0,0,0,1,0,0,0,0,0,0,0,0,0,1,0,0,0,0,0,0,0,0,0,0,0,0,0,0,0,0,0,0,0,0,0,0,0,0,0,0,1,0,0,1,0,1,0,0,0,0,0,0,0,0,0,0,0,0,0,0,0,0,0,0,0,0,0,0,0,0,0,0,0,0,0,0,0,0,0,0,0,0,0,0,0,0,0,0,0,0,0,0,0,1,0,0,6,0,0,0,1,0,0,0,0,0,1,0,0,1
AUS,12,7,7,0,0,174,464,133,1,0,904,121,2,1276,22,22,261,139,20,4,13,143,4,5,13,1362,5,32,26,23,4,3859,1834,687,8600,16,44,21,369,1,0,38,12,56,520,4546,0,1360,2,29,49,190,1,2126,98,75,697,85,3166,8,6,9276,140,89,0,7,5,26,482,2,11,14,8,4,2,113,2,388,450,1386,631,782,78,92,613,2414,16,85,2053,31,153,7,69,6,1017,1,52,30,77,1,18,3,3,178,1,78,54,41,161,11,7,19,5,405,10,12,19,23,2,18,34,0,7,39,1182,23,51,4,143,4,2769,890,89,2067,47,307,44,93,197,5,104,738,1,604,10,7,25,198,2,275,690,22,659,18,17,1196,29,9,6,2,4,218,0,0,3,202,267,1790,1,11,9,1,7,552,1,0,0,0,6,46,460,688,72,75,72,39,12121,4,5,0,41,394,12,0,7,5,1282,41,2,30
AUT,5,2,13,1,2,40,243,252,0,904,0,122,0,875,13,12,18,255,5,0,29,234,0,0,4,556,0,7,2,12,1,941,1790,244,969,15,16,8,281,0,0,19,45,133,835,5148,0,696,6,26,41,198,0,1403,204,35,578,3,1802,5,11,2425,241,14,0,1,0,2,551,0,6,3,3,1,0,318,1,658,48,368,309,218,12,93,368,2033,5,27,681,16,37,5,3,1,331,11,24,6,31,1,6,1,32,105,0,182,91,77,138,10,6,6,0,256,22,5,19,12,8,11,14,0,2,8,284,7,6,2,35,1,1369,584,8,229,21,224,17,59,34,0,6,789,0,551,9,7,1,133,0,358,686,12,236,6,9,120,1,1,0,1,1,358,0,0,0,390,386,1043,0,4,4,0,5,255,1,0,0,0,1,35,467,319,18,18,234,21,3483,6,1,0,18,44,0,0,0,1,351,11,1,4
AZE,0,0,0,0,0,0,120,122,0,121,122,0,0,3,0,0,1,83,0,0,0,129,0,0,1,122,0,0,0,0,0,127,128,120,127,0,0,0,119,0,0,0,0,2,121,151,0,122,0,1,1,8,0,129,2,0,1,0,134,0,0,129,124,0,0,0,0,0,124,0,0,0,0,0,0,5,0,126,1,4,1,7,0,1,121,142,0,0,127,5,1,2,0,1,5,1,1,0,1,0,0,0,0,1,0,1,0,1,122,0,1,0,0,1,1,0,0,0,0,2,0,0,0,0,119,0,0,0,0,0,124,125,0,1,1,9,0,0,0,0,0,131,0,132,0,6,0,1,0,122,184,0,15,0,0,0,0,0,0,0,0,124,0,0,0,120,120,124,0,0,0,0,0,1,0,0,0,0,0,0,274,120,0,0,10,0,150,1,0,0,0,3,0,0,0,0,121,0,0,0
BDI,1,0,0,0,0,0,0,0,0,2,0,0,0,12,1,1,0,0,0,0,0,0,0,0,0,1,0,0,0,0,0,2,2,0,2,2,4,6,0,0,0,0,1,0,0,2,0,1,0,0,0,1,0,1,0,2,0,0,5,0,1,6,0,2,0,1,0,0,0,0,0,0,0,0,0,0,1,1,0,3,0,0,0,0,0,0,0,0,0,0,6,0,0,0,0,0,0,0,0,0,0,0,0,0,0,0,2,0,1,0,0,0,0,0,0,1,0,0,0,0,1,0,0,1,1,1,0,1,3,0,4,1,0,1,0,1,0,0,1,0,0,0,0,0,0,0,0,0,0,1,0,5,0,2,1,0,0,1,0,0,1,0,0,0,0,0,0,2,0,0,0,1,1,2,0,0,0,0,0,1,0,0,6,5,0,0,10,0,0,0,0,1,0,0,0,1,6,1,0,0
BEL,8,4,9,1,0,37,196,106,0,1276,875,3,12,0,39,45,35,248,3,0,22,132,0,0,17,728,1,4,3,8,6,1278,1633,258,1220,32,84,87,219,0,0,18,60,172,582,3600,0,888,3,91,83,212,0,2069,239,102,622,4,3876,2,15,4107,124,38,0,20,8,39,619,0,7,3,10,1,0,249,4,482,42,485,463,282,17,73,316,2640,4,19,716,10,116,6,20,11,440,2,16,8,63,5,4,0,5,109,2,197,183,79,70,9,9,16,0,302,25,18,29,11,10,5,21,0,1,12,191,8,7,14,45,4,3477,573,22,312,15,167,13,66,46,0,8,831,0,754,6,0,7,170,2,263,620,24,234,14,25,188,1,9,1,0,2,229,0,0,2,127,224,1141,3,3,5,2,5,200,0,0,0,0,2,83,417,245,55,90,184,21,4524,9,0,0,25,168,1,1,0,2,473,13,22,10
BEN,3,2,1,0,0,10,8,0,0,22,13,0,1,39,0,27,9,1,6,0,2,1,0,0,0,20,0,3,0,1,2,26,27,9,14,22,27,10,12,1,0,7,1,1,3,39,0,15,1,8,2,10,0,18,6,12,8,1,110,5,6,40,3,33,0,7,1,4,9,0,1,2,1,0,0,4,1,2,12,18,9,9,8,6,8,18,1,8,15,2,23,1,5,0,8,0,2,3,9,1,3,1,0,8,0,3,10,2,13,0,0,5,0,10,0,12,3,6,0,0,10,1,0,9,9,0,6,8,31,0,34,10,3,9,6,16,6,11,15,0,2,9,0,13,2,0,0,7,0,6,8,7,12,5,20,7,0,1,0,1,0,8,0,0,0,6,2,16,0,2,1,2,15,8,0,0,0,0,1,11,12,9,23,15,5,4,56,0,0,0,2,9,0,0,0,1,32,8,2,5
BFA,2,1,1,0,0,2,3,0,0,22,12,0,1,45,27,0,9,3,0,0,0,0,0,0,0,9,0,0,0,0,2,37,42,2,4,25,18,12,9,0,0,2,0,2,3,48,0,23,0,3,0,8,0,13,1,11,8,0,164,0,9,64,2,44,0,14,2,14,2,0,0,1,2,0,0,2,2,2,8,6,2,3,0,0,3,22,0,0,9,1,20,2,4,0,11,0,0,2,0,3,0,0,0,3,0,2,5,2,6,0,0,10,0,4,2,32,0,3,0,1,7,3,0,9,0,0,0,18,21,0,24,7,4,5,0,2,0,6,4,0,2,3,0,6,3,0,0,2,0,4,3,3,2,6,48,3,1,2,0,0,1,2,0,0,0,3,2,18,1,0,2,5,21,8,0,0,0,0,0,3,5,7,21,20,2,1,84,0,0,0,3,11,1,0,0,0,30,9,1,3
BGD,6,3,1,0,0,19,26,1,1,261,18,1,0,35,9,9,0,2,5,0,5,3,0,0,3,37,0,16,3,0,2,126,49,18,136,10,13,9,25,0,0,7,3,4,8,113,0,37,1,10,3,40,0,37,9,16,22,5,53,5,2,243,5,18,0,6,0,15,13,0,1,4,1,1,1,10,0,9,40,141,22,28,8,10,18,49,3,11,308,3,27,5,12,1,129,0,7,7,8,0,2,1,0,20,0,7,7,3,8,0,2,5,1,17,2,12,4,10,0,4,16,0,0,11,264,0,5,1,22,0,70,33,35,29,13,90,7,20,44,0,5,24,0,13,5,0,0,9,0,11,19,11,104,7,8,37,2,0,2,1,1,12,0,0,0,9,6,66,0,2,3,0,4,43,0,0,0,0,0,8,36,24,22,12,10,5,454,1,0,0,7,34,0,0,0,0,46,11,2,11
BGR,0,0,9,0,0,8,91,179,0,139,255,83,0,248,1,3,2,0,1,0,14,185,0,0,2,243,1,3,0,1,0,138,321,93,239,1,2,3,194,0,0,1,4,115,304,544,0,138,2,8,28,122,0,366,120,0,174,1,403,0,1,403,187,4,0,0,0,0,295,0,0,1,0,0,1,181,0,283,7,169,149,124,4,8,116,427,1,1,174,15,6,2,0,0,144,3,3,0,9,0,0,0,0,97,0,140,8,59,82,0,2,1,0,131,41,1,5,0,9,4,2,0,0,1,180,0,0,0,9,0,203,130,1,113,5,121,1,14,3,0,1,355,0,251,4,6,1,105,0,188,325,0,101,3,1,13,0,1,0,0,0,258,0,0,0,133,126,186,0,0,3,0,0,113,0,0,0,0,1,15,270,194,2,3,147,2,472,9,0,0,7,8,0,0,0,0,109,2,0,1
BHR,2,2,0,0,0,33,5,0,0,20,5,0,0,3,6,0,5,1,0,0,0,0,0,0,1,13,0,0,0,0,0,20,12,5,13,4,5,3,8,0,0,7,1,0,2,10,0,6,1,14,1,28,0,10,4,8,7,0,17,5,0,32,1,6,0,0,0,1,9,0,0,0,0,0,1,0,0,0,6,30,17,10,16,5,6,11,0,14,10,1,6,1,0,0,11,1,24,0,14,0,4,1,0,7,0,1,5,0,7,0,0,0,0,8,1,0,0,3,0,1,2,0,0,4,34,0,5,0,7,0,13,7,2,15,30,15,6,7,8,0,3,6,0,5,0,1,0,30,0,5,9,5,58,6,0,8,0,0,0,0,0,8,0,0,0,7,0,9,0,0,1,0,3,3,0,0,0,0,0,19,18,8,7,4,4,5,50,0,0,0,1,8,0,0,0,2,10,5,1,2
BHS,0,0,0,0,0,0,1,0,0,4,0,0,0,0,0,0,0,0,0,0,0,0,1,1,0,3,1,0,0,0,0,8,1,0,0,0,0,0,1,0,0,0,2,0,0,3,0,0,0,0,1,0,0,4,0,0,0,0,0,0,0,7,0,0,0,0,0,0,0,0,0,0,0,0,0,0,0,0,0,0,0,0,0,0,0,0,2,0,2,0,0,0,0,0,1,0,0,0,0,0,0,0,0,1,0,0,0,0,0,0,0,0,0,4,0,0,0,0,0,0,0,0,0,0,1,0,0,0,0,0,1,0,0,0,0,0,0,1,0,0,0,0,0,1,0,0,0,0,0,0,0,0,0,0,0,0,0,0,0,0,0,0,0,0,1,0,0,1,0,0,0,0,0,1,0,0,0,0,2,0,0,0,0,0,0,0,24,0,0,0,1,0,0,0,0,0,1,0,0,0
BIH,0,0,9,0,0,4,9,1,0,13,29,0,0,22,2,0,5,14,0,0,0,5,0,0,2,11,0,2,0,2,0,16,29,7,12,4,4,0,5,0,0,0,3,8,27,59,0,13,0,5,5,8,0,35,12,0,12,2,34,0,1,46,7,4,0,0,0,0,21,0,2,1,0,0,1,140,0,22,4,7,14,6,1,5,16,56,3,5,12,3,4,2,0,0,7,3,3,0,9,0,1,0,0,0,0,14,5,13,6,0,2,0,0,11,19,0,6,3,20,2,2,0,0,0,6,0,0,0,8,0,27,19,3,7,1,5,3,4,5,0,1,27,0,18,2,0,0,1,0,27,17,0,6,1,1,6,0,1,0,0,0,174,0,0,0,16,55,26,0,3,1,0,0,5,0,0,0,0,1,9,37,6,3,4,6,1,72,1,0,0,6,5,0,0,0,0,8,1,0,1
BLR,0,0,4,0,0,1,125,226,0,143,234,129,0,132,1,0,3,185,0,0,5,0,0,0,2,234,0,2,0,1,0,148,255,123,253,1,1,0,221,0,0,0,1,102,246,344,0,142,0,2,29,101,0,289,113,1,123,0,290,0,0,296,223,1,0,0,0,0,238,0,0,1,0,0,1,107,0,229,4,119,109,109,1,4,132,270,0,7,135,12,0,1,1,0,118,0,0,0,1,0,0,0,0,96,0,130,0,39,121,0,14,1,0,103,2,0,2,0,1,2,0,0,0,1,219,0,0,0,2,0,152,143,0,103,1,100,1,3,1,0,1,315,1,249,2,6,0,98,0,134,524,0,97,1,0,11,0,1,0,0,0,233,0,0,0,137,131,156,0,0,0,0,0,105,0,0,0,0,1,2,244,228,1,2,169,0,298,8,0,0,2,9,0,0,0,0,134,1,0,0
BLZ,0,0,0,0,0,0,0,0,0,4,0,0,0,0,0,0,0,0,0,1,0,0,0,1,0,3,2,0,0,0,0,4,1,1,1,0,0,0,0,0,0,3,4,0,0,1,0,0,1,0,2,0,0,3,0,0,0,0,2,0,0,9,0,0,0,0,0,1,1,1,0,1,0,0,1,0,0,0,0,1,0,0,0,1,1,1,1,0,3,0,1,0,0,0,0,0,0,0,0,0,0,0,0,0,0,0,0,0,0,0,0,0,0,4,0,0,0,0,0,0,0,0,0,1,0,0,0,0,1,1,2,0,0,0,0,1,2,1,0,0,1,0,0,1,1,0,0,0,0,1,2,0,2,0,0,0,0,0,1,0,0,0,0,0,1,0,0,0,0,0,0,0,0,1,0,0,0,0,0,0,0,0,0,1,1,2,13,0,0,0,1,1,0,0,1,0,1,0,0,0
BMU,0,0,0,0,0,0,1,0,0,5,0,0,0,0,0,0,0,0,0,1,0,0,1,0,0,2,1,0,0,0,0,5,1,0,2,0,0,0,0,0,0,0,1,0,0,5,0,1,0,0,0,0,0,0,0,0,0,0,2,0,0,7,0,0,0,0,0,0,1,0,0,0,0,0,0,0,0,0,0,0,2,0,0,0,0,1,0,0,2,0,0,0,0,0,0,0,0,0,0,0,0,0,0,0,0,0,0,0,0,0,0,0,0,1,0,0,0,0,0,0,0,0,0,0,0,0,0,0,0,0,3,3,0,1,0,0,0,0,0,0,0,1,0,0,0,0,0,0,0,0,0,0,1,0,0,0,0,0,0,0,0,0,0,0,0,0,0,1,0,0,0,0,0,0,0,0,0,0,0,0,0,0,0,0,0,0,34,0,0,0,0,0,0,0,0,0,2,0,0,0
BOL,0,0,0,0,0,1,40,0,0,13,4,1,0,17,0,0,3,2,1,0,2,2,0,0,0,54,0,0,0,0,0,14,14,35,6,0,1,0,28,0,0,8,7,0,2,21,0,10,3,0,40,4,0,43,0,0,4,0,45,0,0,36,2,1,0,0,0,0,2,0,0,5,3,3,3,1,0,0,2,5,1,3,0,0,2,13,0,0,9,0,2,1,0,0,1,1,1,0,2,0,0,0,0,1,0,1,3,0,1,0,1,0,0,26,1,0,0,0,0,2,3,0,0,0,2,0,0,0,4,3,20,3,4,3,0,1,6,35,4,0,1,2,0,5,10,0,0,0,0,2,5,0,4,1,0,4,0,0,4,0,0,1,0,0,1,1,1,19,0,0,0,0,0,2,0,0,0,0,0,1,4,0,3,1,0,12,85,0,0,0,13,3,0,0,0,0,3,2,0,0
BRA,3,18,5,0,2,56,1047,268,0,1362,556,122,1,728,20,9,37,243,13,3,11,234,3,2,54,0,3,6,1,8,1,1723,1018,792,1079,14,55,13,825,0,8,93,213,116,516,2275,0,602,19,27,170,192,0,2545,141,20,402,4,2446,5,7,2985,236,35,0,4,4,5,455,1,2,30,26,4,14,216,12,415,66,732,361,273,15,29,324,1880,8,23,723,17,59,7,11,4,420,1,19,7,57,0,3,1,0,122,0,133,34,46,150,5,3,19,0,743,14,5,14,12,3,4,60,0,6,24,341,5,6,5,109,13,1148,417,16,273,39,295,51,311,60,0,13,675,0,1734,48,6,2,147,1,328,723,13,244,13,10,138,2,2,12,1,2,281,0,0,9,222,202,709,3,5,4,0,7,277,0,0,0,0,8,55,480,368,27,39,278,235,7183,11,4,0,125,94,0,0,1,3,547,19,1,29
BRB,0,1,0,0,0,0,1,0,1,5,0,0,0,1,0,0,0,1,0,1,0,0,2,1,0,3,0,0,0,0,0,14,2,1,2,0,0,0,1,0,0,0,1,0,0,7,0,1,1,0,0,2,0,1,0,0,2,0,4,0,0,25,0,3,0,0,2,0,1,1,0,1,0,1,1,0,0,0,1,7,2,1,0,0,2,4,6,0,0,0,1,0,0,2,0,0,0,0,1,0,0,0,0,0,0,0,0,0,0,0,0,0,0,3,0,0,0,0,0,0,0,0,0,0,1,0,1,0,2,0,7,0,0,0,0,1,0,0,0,0,0,1,0,2,0,0,1,1,0,0,0,0,1,0,0,1,0,0,1,0,0,0,0,0,0,0,0,1,0,0,1,0,0,0,0,0,0,0,5,1,2,3,0,2,0,0,40,0,0,0,1,1,0,0,0,0,8,0,0,0
BRN,0,0,2,0,0,3,5,2,0,32,7,0,0,4,3,0,16,3,0,0,2,2,0,0,0,6,0,0,0,1,0,15,7,4,32,1,3,0,5,0,0,0,0,0,6,25,0,5,1,0,1,7,0,7,6,2,5,2,13,0,0,35,4,4,0,0,0,0,6,0,0,2,0,0,0,6,0,6,13,15,7,3,5,0,2,9,1,1,13,1,1,1,4,0,20,0,0,0,1,0,1,0,0,10,0,2,0,1,2,0,0,0,0,6,0,0,2,1,0,1,2,0,0,3,56,0,0,0,4,0,7,5,0,8,4,5,0,4,6,0,2,1,0,4,2,0,0,3,0,4,6,1,11,3,0,26,0,1,0,1,0,2,0,0,0,0,2,12,0,0,0,0,0,7,0,0,0,0,1,1,8,16,2,1,1,0,34,1,0,0,1,12,1,0,0,0,8,2,0,0
BTN,2,0,0,0,0,1,1,0,0,26,2,0,0,3,0,0,3,0,0,0,0,0,0,0,0,1,0,0,0,0,0,1,3,1,5,1,1,0,0,0,0,1,0,0,0,5,0,2,0,0,1,0,0,0,0,0,0,0,6,0,0,7,0,0,0,0,0,0,0,0,0,1,0,0,1,0,0,0,4,7,1,0,0,0,0,3,0,0,7,2,1,1,2,0,0,0,0,0,0,0,1,0,0,1,0,0,0,0,1,0,0,1,1,1,0,0,0,0,0,1,0,0,0,0,0,0,0,0,0,1,4,1,5,2,0,3,1,1,0,0,0,1,0,1,0,0,0,0,0,0,1,2,1,0,0,2,1,0,1,0,0,0,0,0,0,0,0,3,0,0,0,0,0,8,1,0,0,0,0,0,1,0,0,0,1,0,27,1,0,0,0,4,0,0,0,0,1,0,0,0
BWA,0,0,1,0,0,3,1,0,0,23,12,0,0,8,1,0,0,1,0,0,2,1,0,0,0,8,0,1,0,0,0,26,11,5,6,1,7,1,1,0,0,0,0,0,2,16,0,7,1,0,2,2,0,18,4,24,5,0,20,0,0,52,1,5,0,0,0,0,1,0,0,0,0,0,0,3,1,7,2,18,2,1,1,1,2,13,0,1,7,0,18,0,0,0,2,0,0,0,2,0,0,0,0,2,2,0,0,1,2,0,0,0,0,1,0,1,0,0,0,1,2,0,2,7,2,8,0,1,13,0,10,4,0,3,0,2,0,1,0,0,2,2,0,1,1,0,0,1,0,1,2,2,3,2,0,5,0,2,0,0,1,1,0,0,0,1,2,9,2,0,1,0,0,4,0,0,0,0,1,2,6,3,9,10,0,0,156,0,0,0,1,1,0,1,0,0,122,14,0,14
CAF,2,1,0,0,0,0,0,0,0,4,1,0,0,6,2,2,2,0,0,0,0,0,0,0,0,1,0,0,0,0,0,6,4,0,5,4,10,10,1,0,0,0,0,0,7,6,0,0,0,0,0,0,0,1,0,1,0,0,27,0,5,8,0,0,0,0,3,0,0,0,0,0,5,0,0,0,0,1,1,1,0,1,0,0,1,1,0,0,4,0,0,0,1,0,0,0,0,1,0,0,0,0,0,0,0,0,1,0,0,0,0,2,0,1,0,1,0,1,0,0,0,0,0,0,0,0,0,1,1,0,2,1,1,0,0,1,0,1,1,0,1,1,0,0,0,0,0,0,0,0,1,2,0,0,3,0,1,0,0,0,1,0,0,0,0,0,0,1,0,0,0,0,1,2,0,0,0,0,0,0,0,1,0,3,0,0,14,0,0,0,0,1,0,0,0,0,1,1,2,0
CAN,9,4,11,1,0,326,519,137,1,3859,941,127,2,1278,26,37,126,138,20,8,16,148,4,5,14,1723,14,15,1,26,6,0,2094,648,6593,35,44,29,388,0,0,52,41,67,573,4462,0,1255,13,88,53,477,9,2157,103,60,767,11,4379,5,12,6769,141,77,0,8,5,10,465,2,30,19,7,6,3,101,11,401,82,1105,597,939,27,102,918,2642,29,81,1749,27,189,12,19,9,992,4,59,13,126,11,14,2,1,61,1,64,68,50,221,7,6,11,0,640,27,14,32,12,7,16,26,0,7,40,417,9,10,4,107,2,2443,1008,26,760,57,295,44,92,65,2,6,919,0,592,7,7,8,188,4,279,838,32,765,17,24,525,2,12,2,1,3,227,0,0,2,229,229,1617,2,5,14,1,6,233,1,0,0,0,38,135,603,605,55,124,99,52,19520,2,3,0,37,91,0,0,0,8,959,20,5,23
CHE,5,7,17,0,0,47,362,273,0,1834,1790,128,2,1633,27,42,49,321,12,1,29,255,1,1,14,1018,2,7,3,11,4,2094,0,479,1633,59,48,52,383,0,1,26,65,148,857,7949,1,1273,5,32,58,216,0,2616,240,52,901,6,4826,5,14,5657,258,76,0,21,9,16,832,1,4,7,12,1,0,319,3,610,83,752,552,305,16,77,578,3940,13,29,1235,21,144,18,27,5,591,3,24,19,63,10,5,1,29,118,5,212,108,81,162,10,17,27,2,402,22,23,25,14,11,13,31,1,3,40,318,8,9,7,90,2,2697,873,39,384,22,244,26,127,78,0,17,1192,0,799,14,7,1,179,0,458,996,34,313,25,33,297,4,19,1,2,1,377,0,0,3,314,342,1684,4,16,4,9,12,285,1,0,0,0,4,53,583,470,91,83,295,26,8215,10,1,0,30,119,0,0,1,6,752,34,8,25
CHL,1,3,1,0,0,32,603,132,0,687,244,120,0,258,9,2,18,93,5,0,7,123,1,0,35,792,1,4,1,5,0,648,479,0,418,9,17,5,410,0,0,50,43,20,194,1171,0,317,14,19,85,31,0,1754,27,11,154,2,1068,4,1,1210,128,15,0,0,1,2,223,2,4,15,1,0,15,30,4,177,21,193,85,64,4,24,225,737,6,12,377,6,25,4,2,1,149,1,8,2,30,0,2,0,0,12,0,25,14,14,143,1,0,6,0,447,5,0,6,7,2,2,12,0,0,6,165,2,4,0,25,4,462,257,3,117,6,36,22,160,26,0,3,280,0,294,20,6,2,30,1,177,295,6,75,5,2,43,0,1,8,1,0,152,0,0,2,150,150,354,0,3,3,0,3,44,0,0,0,0,1,19,212,192,10,17,40,87,2367,1,16,0,77,27,0,1,1,0,329,7,0,8
CHN,5,4,3,0,0,170,326,275,0,8600,969,127,2,1220,14,4,136,239,13,0,12,253,1,2,6,1079,2,32,5,6,5,6593,1633,418,0,18,51,20,422,2,3,22,63,131,683,6158,0,1354,7,74,70,516,8,1943,199,44,978,6,3740,5,4,9422,248,131,0,4,2,5,589,2,6,8,2,0,2,253,1,578,170,1501,663,540,60,76,682,2280,6,41,5896,82,145,14,26,5,3314,2,33,8,73,2,3,1,1,163,0,165,48,54,162,3,6,12,1,492,26,8,13,41,3,47,13,0,14,30,800,6,7,5,161,3,2276,820,93,821,56,1410,32,107,221,0,14,974,59,708,11,9,1,357,0,459,1583,27,1542,99,7,3862,1,24,4,1,2,346,0,0,3,259,280,2095,2,5,6,0,10,789,8,0,0,0,5,57,729,3005,43,39,330,40,40900,32,2,0,42,342,2,2,1,7,682,29,3,22
CIV,3,4,1,0,0,5,8,0,0,16,15,0,2,32,22,25,10,1,4,0,4,1,0,0,0,14,0,1,1,1,4,35,59,9,18,0,22,19,11,0,0,6,3,2,6,50,0,13,0,8,5,8,0,17,7,14,9,2,118,4,10,50,3,24,0,14,1,6,9,0,2,2,2,0,1,3,2,4,14,16,9,9,3,6,9,18,3,8,12,2,25,3,1,0,9,0,3,2,11,3,1,1,0,7,0,3,10,3,14,0,1,7,0,10,0,12,2,8,0,3,7,2,0,9,9,2,6,6,26,1,22,9,5,10,3,9,8,10,13,0,3,8,0,11,2,0,0,8,0,10,8,9,7,2,21,9,1,2,2,0,1,8,0,0,0,8,3,14,1,3,0,6,16,14,0,0,0,0,1,10,9,9,14,17,5,3,70,0,0,0,4,15,0,0,0,0,25,10,3,3
CMR,2,3,1,0,0,7,14,0,0,44,16,0,4,84,27,18,13,2,5,0,4,1,0,0,1,55,0,3,1,7,10,44,48,17,51,22,0,25,17,0,0,11,3,2,14,103,0,19,1,12,8,13,0,33,10,13,15,2,241,5,24,111,5,37,0,4,0,6,16,0,2,4,6,0,1,5,0,11,21,51,12,14,7,9,15,90,4,10,35,2,47,1,5,0,16,0,4,2,13,3,2,1,0,8,0,6,9,4,22,0,1,8,0,14,0,11,4,9,0,0,12,1,2,10,19,3,7,8,50,1,35,18,4,21,7,17,11,18,14,0,5,12,0,22,2,0,1,6,0,22,16,9,19,6,25,13,1,3,1,1,1,10,0,0,1,10,3,20,1,4,1,8,10,21,0,0,0,0,4,15,22,11,21,23,6,4,158,0,0,0,6,19,0,0,0,0,104,12,7,5
COD,5,5,0,0,0,5,5,0,0,21,8,0,6,87,10,12,9,3,3,0,0,0,0,0,0,13,0,0,0,1,10,29,52,5,20,19,25,0,6,0,2,5,1,2,3,51,0,12,0,6,4,11,0,10,4,11,6,0,68,3,10,51,2,22,0,7,1,8,5,0,0,1,1,0,0,2,2,4,13,24,7,7,3,3,6,15,1,3,17,2,25,3,6,0,6,0,1,2,3,5,0,0,0,3,0,3,7,3,5,0,1,4,0,7,2,9,0,4,0,1,8,1,0,11,6,2,3,4,32,0,19,14,7,8,1,11,7,9,9,0,4,6,0,7,2,0,0,3,0,6,7,18,6,9,13,6,1,2,0,0,2,5,0,0,1,5,2,15,0,0,2,4,11,6,0,0,0,0,0,8,6,3,17,24,4,3,149,0,0,0,2,10,0,0,0,1,33,19,5,6
COL,4,2,4,0,0,28,372,218,1,369,281,119,0,219,12,9,25,194,8,1,5,221,0,0,28,825,1,5,0,1,1,388,383,410,422,11,17,6,0,0,0,67,48,112,277,587,0,214,12,12,124,124,0,1127,113,18,161,2,613,5,2,693,251,20,0,1,1,4,271,0,2,25,6,4,9,113,2,241,25,211,199,150,13,15,163,515,9,16,211,3,42,3,7,0,176,1,7,3,28,0,2,1,0,111,0,119,14,37,129,1,0,6,0,530,4,3,5,11,0,1,15,0,0,11,262,1,6,1,35,7,377,196,9,153,8,138,58,120,56,0,8,356,0,345,19,7,3,107,1,208,342,12,129,8,3,54,1,1,14,1,1,236,0,0,2,140,142,250,0,3,2,0,5,147,0,0,0,0,3,14,275,255,18,17,178,52,1476,6,2,0,140,80,0,0,0,0,211,9,2,13
COM,0,0,0,0,0,0,0,0,0,1,0,0,0,0,1,0,0,0,0,0,0,0,0,0,0,0,0,0,0,0,0,0,0,0,2,0,0,0,0,0,0,0,0,0,0,1,0,0,0,0,0,0,0,0,0,0,0,0,7,0,0,1,0,0,0,0,1,0,0,0,0,0,0,0,0,0,0,0,0,0,0,0,0,0,0,1,0,0,0,0,1,0,0,0,0,0,0,0,0,0,0,0,0,0,0,0,0,0,0,0,0,2,0,0,0,0,0,0,0,0,0,0,1,0,0,0,0,0,0,0,0,0,0,0,0,0,0,0,0,0,0,0,0,0,0,0,0,0,3,0,0,0,0,0,1,0,0,0,0,0,0,0,0,0,0,0,0,0,0,0,0,0,0,0,0,0,0,0,0,0,0,0,1,0,0,0,1,0,0,0,0,0,0,0,0,0,0,0,0,0
CPV,0,0,0,0,0,0,1,0,0,0,0,0,0,0,0,0,0,0,0,0,0,0,0,0,0,8,0,0,0,0,0,0,1,0,3,0,0,2,0,0,0,0,0,0,0,7,0,2,0,0,0,0,0,9,0,0,0,0,1,0,0,3,0,1,0,1,1,0,0,0,0,0,0,0,0,0,0,0,0,1,2,0,0,0,0,3,0,0,0,0,0,0,0,0,0,0,0,0,0,1,0,0,0,0,0,0,0,0,1,0,0,0,0,0,0,0,0,0,0,0,0,0,0,0,0,0,0,0,0,0,1,1,0,0,0,0,0,0,0,0,0,0,0,14,0,0,0,0,0,0,1,0,0,0,0,0,0,0,0,0,0,0,0,0,1,0,1,1,0,0,0,1,1,0,0,0,0,0,0,0,0,0,0,0,0,0,4,0,0,0,0,0,0,0,0,0,1,0,0,0
CRI,2,3,1,0,0,8,46,1,0,38,19,0,0,18,7,2,7,1,7,0,0,0,3,0,8,93,0,0,1,0,0,52,26,50,22,6,11,5,67,0,0,0,7,1,4,70,0,24,7,5,23,8,0,116,7,6,13,0,73,5,1,87,2,8,0,1,1,2,15,0,0,16,1,0,10,1,0,3,11,21,11,12,4,5,10,42,1,6,18,2,9,2,0,0,13,1,1,1,10,0,1,1,0,9,0,1,7,1,7,1,1,4,0,69,1,2,1,3,0,2,2,0,1,4,12,0,5,0,7,22,45,14,2,17,2,9,30,25,10,0,5,14,0,14,5,0,0,6,0,4,14,6,14,2,0,10,0,0,14,0,0,7,0,0,1,7,2,18,0,0,0,0,3,12,0,0,0,0,4,5,11,15,8,6,6,14,267,1,0,0,16,9,1,0,0,0,19,6,1,2
CUB,0,4,0,0,0,1,43,38,0,12,45,0,1,60,1,0,3,4,1,2,3,1,4,1,7,213,1,0,0,0,0,41,65,43,63,3,3,1,48,0,0,7,0,2,44,90,0,42,11,3,119,4,0,225,6,2,42,2,94,0,0,96,0,3,0,1,4,0,49,0,2,4,0,1,2,42,1,42,16,51,4,6,0,2,4,92,7,5,52,0,3,0,1,1,41,1,4,0,4,0,0,0,0,1,0,4,5,2,4,1,0,0,0,205,1,0,2,4,0,1,4,0,0,0,8,0,0,1,7,5,49,52,4,5,0,44,10,61,4,0,1,49,0,19,4,0,0,1,0,43,47,1,14,1,0,5,0,0,7,0,0,8,0,0,0,44,4,50,0,3,0,0,0,45,0,0,0,0,2,5,44,5,2,3,40,13,123,0,0,0,33,11,0,0,0,1,47,0,0,0
CYP,0,0,3,0,0,13,7,98,0,56,133,2,0,172,1,2,4,115,0,0,8,102,0,0,0,116,0,0,0,0,0,67,148,20,131,2,2,2,112,0,0,1,2,0,130,269,0,46,0,6,26,116,0,224,121,0,144,2,205,0,0,405,104,3,0,0,0,0,429,0,1,0,0,0,0,125,0,131,4,126,139,119,1,8,49,250,2,9,31,8,4,2,0,0,119,0,4,1,10,0,3,0,0,98,0,124,9,34,6,2,1,1,0,105,5,0,17,2,1,1,4,0,0,0,109,0,0,0,2,0,116,39,1,106,3,114,2,4,5,0,0,147,0,137,2,1,0,100,0,44,128,0,108,0,0,14,0,0,0,0,0,130,0,0,0,20,29,80,0,2,4,0,0,110,0,0,0,0,0,4,245,113,2,3,107,0,308,6,0,0,5,6,0,0,0,0,23,0,0,0
CZE,0,0,10,0,0,15,230,265,0,520,835,121,0,582,3,3,8,304,2,0,27,246,0,0,2,516,0,6,0,2,7,573,857,194,683,6,14,3,277,0,0,4,44,130,0,1901,0,460,2,33,49,167,0,1064,192,9,425,3,1328,0,3,1415,236,11,0,0,0,0,491,0,2,5,1,0,2,284,0,557,22,391,235,176,8,32,289,1196,6,8,557,13,16,5,1,0,341,0,11,0,15,0,0,0,1,96,0,181,28,77,132,2,8,2,0,238,27,1,12,4,7,4,6,0,1,0,305,2,1,0,14,0,719,416,4,170,7,175,11,61,12,0,6,1087,0,462,5,7,1,117,0,313,813,1,170,2,4,106,0,2,1,1,0,353,0,0,1,986,329,683,0,3,7,0,0,177,0,0,0,0,1,21,441,333,9,8,281,8,1964,14,1,0,20,28,0,0,1,1,302,2,0,1
DEU,7,13,19,1,2,194,825,320,0,4546,5148,151,2,3600,39,48,113,544,10,3,59,344,1,5,21,2275,7,25,5,16,6,4462,7949,1171,6158,50,103,51,587,1,7,70,90,269,1901,0,0,3172,7,97,154,798,1,6347,448,111,2122,7,9225,6,50,13604,296,115,0,16,5,15,1653,8,12,16,9,5,4,580,1,1377,244,1910,1218,797,68,199,1666,7916,13,127,3416,74,229,30,20,5,1603,10,40,17,114,12,9,1,37,134,2,348,315,170,230,19,63,36,0,871,76,20,47,18,11,37,26,1,11,30,500,43,22,9,138,7,7266,1998,48,824,70,501,80,140,123,0,15,2898,6,1676,17,8,2,268,6,924,3637,30,882,44,39,697,1,12,4,0,1,607,0,0,2,580,625,4348,3,8,30,3,15,473,6,0,0,0,7,118,1247,866,108,71,751,78,20580,52,10,0,70,314,4,1,0,14,1256,29,6,16
DJI,0,0,0,0,0,0,0,0,0,0,0,0,0,0,0,0,0,0,0,0,0,0,0,0,0,0,0,0,0,0,0,0,1,0,0,0,0,0,0,0,0,0,0,0,0,0,0,0,0,0,0,2,0,1,0,1,0,0,9,0,0,1,0,0,0,0,0,0,0,0,0,0,0,0,0,0,0,0,0,0,0,0,0,0,0,1,0,0,0,0,0,0,0,0,0,0,0,0,0,0,0,0,0,0,0,0,0,0,0,0,0,0,0,0,0,0,0,0,0,0,0,0,0,0,0,0,0,0,0,0,0,0,0,0,0,0,0,0,0,0,0,0,0,0,0,0,0,0,0,0,0,0,0,0,0,0,0,0,0,0,0,0,0,0,0,0,0,0,0,0,0,0,0,0,0,0,0,0,0,1,0,0,0,1,0,0,4,0,0,0,0,0,0,0,0,1,0,0,0,0
DNK,2,2,8,0,0,39,232,165,0,1360,696,122,1,888,15,23,37,138,6,0,13,142,0,1,10,602,1,5,2,7,0,1255,1273,317,1354,13,19,12,214,0,2,24,42,46,460,3172,0,0,1,17,21,59,0,1529,150,42,904,6,1815,5,4,3608,137,57,0,37,0,11,528,1,84,6,2,0,1,147,1,381,53,342,349,156,11,211,387,1782,5,15,667,10,66,6,16,15,294,0,14,6,29,0,2,1,5,18,1,101,59,71,140,3,9,5,0,182,17,7,24,9,6,7,15,1,0,16,257,8,7,4,34,0,1907,1506,18,221,18,101,20,68,39,0,6,710,0,545,3,7,1,65,0,320,514,10,114,9,17,209,0,0,0,0,0,217,0,0,1,247,255,2324,0,4,3,0,5,137,1,0,0,0,2,17,356,227,75,52,98,26,4364,4,0,0,16,53,0,2,0,0,456,22,1,15
DOM,0,1,0,0,0,1,11,0,1,2,6,0,0,3,1,0,1,2,1,0,0,0,1,0,3,19,1,1,0,1,0,13,5,14,7,0,1,0,12,0,0,7,11,0,2,7,0,1,0,0,4,4,0,37,0,1,2,0,10,0,0,15,0,1,0,0,0,0,2,1,0,5,0,0,3,1,2,0,2,4,2,1,1,0,2,6,1,0,2,0,0,0,1,2,0,1,1,0,1,0,1,1,0,2,0,2,1,0,1,0,0,0,0,20,1,0,1,0,0,1,1,0,0,1,3,0,0,0,3,4,4,1,1,2,1,3,7,9,1,0,1,1,0,2,7,0,0,1,0,2,2,1,2,2,0,2,0,0,5,1,0,1,0,0,0,1,0,3,0,0,0,0,0,2,0,0,0,0,0,1,4,0,1,1,0,9,70,0,0,0,9,2,0,0,0,0,1,0,0,0
DZA,1,2,1,0,0,53,14,1,0,29,26,1,0,91,8,3,10,8,14,0,5,2,0,0,0,27,0,0,0,0,0,88,32,19,74,8,12,6,12,0,0,5,3,6,33,97,0,17,0,0,7,52,0,183,12,7,24,2,1272,5,0,99,5,7,0,1,3,1,21,0,2,0,0,0,0,11,0,15,8,79,28,33,9,8,22,135,4,25,33,2,9,4,2,0,29,0,3,0,24,0,2,1,0,5,0,10,12,6,92,0,1,0,0,17,4,0,5,6,1,0,7,1,1,4,67,0,5,0,12,0,29,22,10,8,14,42,8,11,10,0,2,31,0,50,2,7,0,18,2,25,29,5,171,2,7,11,0,0,1,0,0,18,0,0,0,19,12,27,0,3,5,0,3,7,1,0,0,0,0,95,89,14,8,8,21,4,126,0,0,0,7,14,0,0,0,1,44,5,1,2
ECU,0,0,1,0,0,6,77,24,0,49,41,1,0,83,2,0,3,28,1,1,5,29,2,0,40,170,0,1,1,2,0,53,58,85,70,5,8,4,124,0,0,23,119,26,49,154,0,21,4,7,0,33,0,472,31,1,41,2,113,0,2,133,25,6,0,0,2,1,38,1,2,12,4,4,7,32,1,32,9,69,44,35,0,2,7,94,5,4,30,2,10,1,1,0,46,1,4,1,8,0,0,0,0,28,0,33,3,29,8,0,0,4,0,157,1,1,2,3,0,2,5,0,0,2,41,0,1,1,9,7,69,17,4,37,0,31,20,67,9,0,1,48,0,79,13,0,0,27,0,16,49,0,19,3,0,7,0,2,6,0,1,30,0,0,3,7,6,36,0,3,0,0,1,37,0,0,0,0,3,6,39,32,8,10,38,15,369,4,0,0,106,18,0,0,1,0,25,2,0,0
EGY,4,2,4,0,0,164,36,98,0,190,198,8,1,212,10,8,40,122,28,0,8,101,0,0,4,192,2,7,0,2,0,477,216,31,516,8,13,11,124,0,0,8,4,116,167,798,2,59,4,52,33,0,1,346,113,18,179,2,387,5,0,672,113,26,0,0,0,1,176,1,2,2,0,0,2,127,0,142,28,371,156,209,49,8,50,385,3,54,504,12,37,4,1,1,333,3,94,0,101,3,58,1,1,111,0,114,11,37,55,0,3,1,0,165,8,1,7,6,3,6,11,1,3,9,249,3,5,1,53,0,133,61,8,154,61,238,9,20,32,0,3,204,0,166,5,4,1,266,0,42,217,8,3280,44,4,41,0,1,1,1,0,126,0,0,0,27,18,120,0,3,17,1,3,145,2,0,0,0,1,75,285,159,15,14,123,9,1535,8,0,0,8,42,0,1,0,62,96,9,1,4
ERI,0,0,0,0,0,0,0,0,0,1,0,0,0,0,0,0,0,0,0,0,0,0,0,0,0,0,0,0,0,0,0,9,0,0,8,0,0,0,0,0,0,0,0,0,0,1,0,0,0,0,0,1,0,1,0,2,0,0,3,0,0,3,0,0,0,0,0,0,0,0,0,0,0,0,0,0,0,0,0,6,0,0,0,0,0,3,0,0,0,0,0,0,0,0,0,0,0,0,0,0,0,0,0,0,0,0,0,0,0,0,0,0,0,0,0,0,0,0,0,0,0,0,0,1,2,0,0,0,0,0,2,0,0,0,2,0,0,0,0,0,0,0,0,2,0,0,0,0,0,0,0,0,0,1,0,0,0,0,0,0,0,0,0,0,0,0,0,0,0,0,0,0,0,0,0,0,0,0,0,0,0,0,1,0,0,0,1,0,0,0,0,0,0,0,0,4,3,0,0,0
ESP,5,12,15,14,2,98,1230,279,0,2126,1403,129,1,2069,18,13,37,366,10,4,35,289,3,0,43,2545,1,7,0,18,1,2157,2616,1754,1943,17,33,10,1127,0,9,116,225,224,1064,6347,1,1529,37,183,472,346,1,0,329,47,1152,9,5843,5,10,7536,261,34,5,8,10,13,1239,0,4,30,2,2,6,393,3,785,67,869,825,455,29,123,751,5962,7,37,1414,21,77,6,8,8,687,2,34,4,83,0,6,1,3,111,1,273,117,106,345,13,22,7,1,1756,53,10,47,8,13,7,62,0,6,12,410,6,17,1,51,17,3081,1192,9,383,38,253,43,247,51,0,21,1637,0,2772,32,13,8,192,4,654,1334,9,600,8,21,271,1,7,13,2,0,461,0,0,2,377,449,2113,1,8,9,1,4,291,0,0,0,0,3,318,804,545,46,29,382,162,9261,26,6,0,191,108,2,1,0,2,711,13,4,8
EST,1,3,5,0,0,9,22,105,0,98,204,2,0,239,6,1,9,120,4,0,12,113,0,0,0,141,0,6,0,4,0,103,240,27,199,7,10,4,113,0,0,7,6,121,192,448,0,150,0,12,31,113,0,329,0,6,454,2,296,4,0,457,106,10,0,1,0,2,160,0,2,0,0,0,0,143,0,178,14,148,157,118,5,44,46,305,5,9,54,6,13,4,0,0,133,0,7,0,15,0,2,1,2,103,0,174,12,115,11,1,3,1,0,118,8,0,11,5,5,1,4,0,0,3,116,1,4,0,11,0,180,128,3,133,4,114,7,17,14,0,5,245,0,157,2,0,0,107,0,58,246,4,110,1,1,30,0,1,0,1,0,131,0,0,1,46,53,306,0,4,1,0,3,110,0,0,0,0,1,11,143,116,9,10,131,4,420,8,0,0,6,13,1,0,0,1,34,5,1,3
ETH,6,4,0,0,0,17,11,0,0,75,35,0,2,102,12,11,16,0,8,0,0,1,0,0,0,20,0,2,0,24,1,60,52,11,44,14,13,11,18,0,0,6,2,0,9,111,1,42,1,7,1,18,2,47,6,0,18,3,63,5,2,194,4,37,0,4,0,10,10,0,0,3,4,0,0,2,2,7,17,147,14,23,7,8,10,49,0,13,36,3,78,3,4,0,35,0,2,6,13,1,5,1,0,12,0,2,9,0,8,0,1,4,0,17,0,13,2,6,0,2,13,0,0,26,20,8,5,6,47,1,107,76,12,21,10,27,5,17,17,0,4,8,0,11,2,1,0,9,0,6,15,16,27,18,15,11,1,1,1,1,1,7,0,0,0,10,0,66,7,0,1,5,5,14,1,0,0,0,2,8,17,15,30,46,5,5,331,2,0,0,0,21,0,0,0,6,130,16,1,18
FIN,3,4,4,0,0,30,70,140,0,697,578,1,0,622,8,8,22,174,7,0,12,123,0,0,4,402,2,5,0,5,0,767,901,154,978,9,15,6,161,0,0,13,42,144,425,2122,0,904,2,24,41,179,0,1152,454,18,0,3,1315,5,1,2242,117,31,0,3,0,4,461,2,6,2,2,1,0,244,0,359,47,449,346,224,13,150,185,1294,8,19,556,16,41,6,4,0,367,0,23,2,32,0,8,1,3,109,0,218,44,107,21,4,7,2,0,237,19,1,17,7,6,10,12,0,1,25,195,3,5,3,28,1,1112,822,14,243,12,206,12,62,24,0,3,666,1,393,7,3,1,156,0,175,896,7,195,4,4,144,0,3,1,2,0,180,0,0,3,135,111,1855,2,5,3,0,3,179,0,0,0,0,1,19,298,215,20,19,211,15,2611,9,0,0,15,33,0,0,0,1,305,9,1,3
FJI,0,1,0,0,0,0,2,0,0,85,3,0,0,4,1,0,5,1,0,0,2,0,0,0,0,4,0,2,0,0,0,11,6,2,6,2,2,0,2,0,0,0,2,2,3,7,0,6,0,2,2,2,0,9,2,3,3,0,10,2,0,41,0,2,0,0,0,0,4,0,1,0,0,0,0,2,0,3,3,21,5,2,0,2,2,7,2,2,13,0,4,0,0,0,10,0,2,0,2,0,0,0,0,2,0,2,2,1,2,0,0,1,0,2,0,0,2,3,0,0,3,0,1,0,4,0,3,0,3,0,4,3,1,21,0,4,2,2,4,0,1,2,0,10,0,0,4,0,0,2,2,1,2,0,0,3,5,0,0,0,0,2,0,0,0,2,2,4,0,2,0,0,0,2,0,0,0,0,0,2,3,3,3,2,0,0,37,0,0,0,2,5,4,0,1,0,5,0,0,0
FRA,9,7,21,1,0,151,729,320,1,3166,1802,134,5,3876,110,164,53,403,17,0,34,290,2,2,45,2446,4,13,6,20,27,4379,4826,1068,3740,118,241,68,613,7,1,73,94,205,1328,9225,9,1815,10,1272,113,387,3,5843,296,63,1315,10,0,5,60,9639,268,62,1,39,124,16,1341,2,7,17,85,7,4,419,13,919,157,1351,897,459,41,168,1012,7309,9,45,2603,42,128,11,71,2,989,6,27,41,474,6,20,1,8,117,2,266,293,110,829,88,27,85,0,902,34,56,46,16,16,13,32,22,17,34,470,14,126,50,83,1,4031,1387,25,574,28,394,31,181,90,1,16,2010,0,1583,14,8,78,271,65,1033,2266,21,682,22,221,520,5,7,3,2,1,462,0,0,9,408,460,2664,8,17,26,12,47,463,2,0,0,0,14,1565,872,713,52,58,544,99,13751,18,3,0,89,361,22,0,1,11,1081,21,7,44
FSM,1,2,0,0,0,5,3,0,0,8,5,0,0,2,5,0,5,0,5,0,0,0,0,0,0,5,0,0,0,0,0,5,5,4,5,4,5,3,5,0,0,5,0,0,0,6,0,5,0,5,0,5,0,5,4,5,5,2,5,0,0,5,1,5,0,0,0,1,5,0,0,0,0,0,0,0,0,1,5,6,5,5,4,5,5,5,0,5,6,1,6,1,0,0,5,0,0,0,5,0,1,1,0,5,0,0,5,0,4,0,0,0,0,5,0,0,0,3,0,0,2,0,0,4,5,0,5,0,6,0,5,5,1,5,2,5,5,5,5,0,2,5,0,5,0,0,0,5,0,2,5,5,5,0,0,5,1,0,0,0,0,5,0,0,0,5,0,5,0,0,0,0,3,1,0,0,0,0,0,4,5,5,7,4,4,4,11,0,0,0,0,5,1,0,1,0,5,5,1,2
GAB,2,1,0,0,0,1,3,0,0,6,11,0,1,15,6,9,2,1,0,0,1,0,0,0,0,7,0,0,0,0,5,12,14,1,4,10,24,10,2,0,0,1,0,0,3,50,0,4,0,0,2,0,0,10,0,2,1,0,60,0,0,23,0,8,0,2,1,2,1,0,0,0,5,0,0,1,0,1,4,2,0,1,0,0,0,9,0,0,5,0,7,0,2,0,2,0,0,2,0,0,0,0,0,0,0,0,1,0,4,0,0,3,0,1,0,10,0,2,0,0,7,0,1,2,2,0,0,1,5,0,24,0,1,1,0,2,1,2,3,0,1,1,0,2,0,0,0,0,0,2,3,3,2,2,7,1,1,1,0,0,1,0,0,0,1,3,0,3,0,0,0,3,3,4,0,0,0,0,1,0,0,0,5,7,0,1,33,0,0,0,0,2,0,0,0,0,8,4,2,1
GBR,21,17,24,0,2,364,652,304,2,9276,2425,129,6,4107,40,64,243,403,32,7,46,296,9,7,36,2985,25,35,7,52,8,6769,5657,1210,9422,50,111,51,693,1,3,87,96,405,1415,13604,1,3608,15,99,133,672,3,7536,457,194,2242,41,9639,5,23,0,290,285,5,31,11,108,2314,16,17,32,16,9,2,525,6,1177,284,2407,2609,885,248,297,1401,9326,34,163,3482,94,500,18,64,12,1547,5,103,52,166,15,54,2,7,240,1,308,237,118,220,18,19,48,1,934,48,40,119,39,14,30,58,2,20,206,1276,43,24,19,498,12,7955,2694,106,1771,123,812,73,227,144,0,43,2430,2,2214,18,13,15,556,6,726,2120,46,1191,48,65,1502,11,51,9,1,5,513,0,0,7,434,562,4841,12,21,33,7,12,839,2,0,0,0,25,107,1310,950,271,319,492,91,25833,24,10,0,67,303,6,1,3,19,2301,129,10,128
GEO,0,1,5,0,0,6,128,223,0,140,241,124,0,124,3,2,5,187,1,0,7,223,0,0,2,236,0,4,0,1,0,141,258,128,248,3,5,2,251,0,0,2,0,104,236,296,0,137,0,5,25,113,0,261,106,4,117,0,268,1,0,290,0,5,0,0,0,1,234,0,0,0,0,0,0,109,1,234,5,120,107,108,1,6,137,284,1,3,138,4,3,3,0,0,115,0,1,0,6,0,1,0,0,97,0,111,3,29,123,0,2,1,0,113,5,0,2,1,1,4,2,0,0,1,223,2,1,0,5,0,140,137,1,106,6,115,1,7,7,0,3,247,0,253,3,6,0,98,0,131,272,1,85,1,0,12,0,1,0,0,0,233,0,0,0,130,129,144,1,1,3,0,2,107,0,0,0,0,1,5,251,226,2,4,115,2,346,8,0,0,3,5,0,0,0,0,130,2,0,2
GHA,5,6,1,0,0,6,11,0,0,89,14,0,2,38,33,44,18,4,6,0,4,1,0,0,1,35,3,4,0,5,0,77,76,15,131,24,37,22,20,0,1,8,3,3,11,115,0,57,1,7,6,26,0,34,10,37,31,2,62,5,8,285,5,0,0,8,0,19,12,0,2,4,0,0,0,5,1,6,18,41,20,14,12,10,10,46,8,9,40,1,69,2,4,0,29,0,2,1,14,2,2,1,0,12,0,6,12,4,11,1,2,9,0,21,0,19,4,8,0,1,15,0,1,23,31,4,5,14,110,0,103,34,4,27,8,17,10,16,14,0,6,13,0,17,3,1,0,9,0,10,16,8,25,12,23,12,0,2,1,1,0,9,0,0,0,9,4,66,0,7,0,5,10,22,0,0,0,0,2,12,20,10,46,34,5,5,368,0,0,0,6,28,2,0,0,0,181,21,2,11
GIB,0,0,0,0,0,0,0,0,0,0,0,0,0,0,0,0,0,0,0,0,0,0,0,0,0,0,0,0,0,0,0,0,0,0,0,0,0,0,0,0,0,0,0,0,0,0,0,0,0,0,0,0,0,5,0,0,0,0,1,0,0,5,0,0,0,0,0,0,0,0,0,0,0,0,0,0,0,0,0,0,0,0,0,0,0,0,0,0,0,0,0,0,0,0,0,0,0,0,0,0,0,0,0,0,0,0,0,0,0,0,0,0,0,0,0,0,0,0,0,0,0,0,0,0,0,0,0,0,0,0,0,1,0,0,0,0,0,0,0,0,0,0,0,0,0,0,0,0,0,0,0,0,0,0,0,0,0,0,0,0,0,0,0,0,0,0,0,0,0,0,0,0,0,0,0,0,0,0,0,0,0,0,0,0,0,0,0,0,0,0,0,0,0,0,0,0,0,0,0,0
GIN,1,1,0,0,0,1,1,0,0,7,1,0,1,20,7,14,6,0,0,0,0,0,0,0,0,4,0,0,0,0,0,8,21,0,4,14,4,7,1,0,1,1,1,0,0,16,0,37,0,1,0,0,0,8,1,4,3,0,39,0,2,31,0,8,0,0,0,4,1,0,0,0,0,0,0,0,0,4,2,2,0,0,0,1,3,10,0,0,5,0,5,0,0,0,9,0,0,1,0,6,0,0,0,0,0,0,1,0,3,0,0,4,0,0,0,7,0,1,0,2,2,2,1,1,0,1,0,2,6,0,9,2,1,5,0,1,0,1,0,0,1,0,0,5,0,0,0,0,0,0,4,2,0,6,12,2,0,5,0,0,0,0,0,0,0,0,2,13,1,1,0,3,0,1,0,0,0,0,0,2,3,0,8,4,0,0,25,0,0,0,0,5,1,0,0,0,7,1,0,0
GLP,0,0,0,0,0,0,1,0,0,5,0,0,0,8,1,2,0,0,0,0,0,0,0,0,0,4,2,0,0,0,3,5,9,1,2,1,0,1,1,1,1,1,4,0,0,5,0,0,0,3,2,0,0,10,0,0,0,0,124,0,1,11,0,0,0,0,0,0,0,0,0,0,2,0,0,0,0,2,0,1,1,0,0,0,0,9,1,0,0,0,0,0,0,0,1,0,0,0,0,0,0,0,0,0,0,0,0,0,2,1,0,1,0,2,0,1,0,0,0,0,1,0,0,0,2,0,3,0,1,0,5,3,1,1,0,0,0,0,0,0,0,0,0,1,0,0,0,5,1,1,1,0,0,0,4,0,0,0,0,0,0,0,0,0,0,0,1,0,0,0,0,0,0,0,0,0,0,0,1,2,1,0,1,1,0,0,19,0,0,0,0,1,0,0,0,0,2,0,0,0
GMB,2,3,0,0,0,1,1,0,0,26,2,0,0,39,4,14,15,0,1,0,0,0,1,0,0,5,0,0,0,0,0,10,16,2,5,6,6,8,4,0,0,2,0,0,0,15,0,11,0,1,1,1,0,13,2,10,4,0,16,1,2,108,1,19,0,4,0,0,2,1,0,1,0,0,0,0,0,0,5,14,1,1,2,1,3,7,0,1,8,0,20,1,2,0,1,0,0,2,1,1,0,0,0,2,0,1,1,1,2,0,2,3,0,3,0,20,0,3,0,1,9,0,0,16,2,3,1,2,19,0,22,3,1,9,1,9,2,6,3,0,3,1,0,3,2,0,0,2,0,3,2,3,5,1,11,2,0,1,1,0,0,1,0,0,1,1,1,3,0,0,0,1,2,5,0,0,0,0,0,2,1,3,14,15,2,2,59,0,0,0,2,5,0,0,1,0,21,7,1,1
GRC,1,2,17,0,0,93,185,267,0,482,551,124,0,619,9,2,13,295,9,0,21,238,1,1,2,455,1,6,0,1,0,465,832,223,589,9,16,5,271,0,0,15,49,429,491,1653,0,528,2,21,38,176,0,1239,160,10,461,4,1341,5,1,2314,234,12,0,1,0,2,0,2,2,4,1,0,4,266,0,404,32,316,286,201,7,55,306,1593,6,22,383,29,16,5,2,1,270,4,21,0,40,0,7,1,1,109,0,178,44,66,151,6,5,1,1,235,31,2,38,6,9,2,9,0,1,7,306,2,5,0,18,0,919,482,4,158,18,178,13,64,22,0,3,692,0,529,9,6,2,173,0,368,524,6,290,5,4,100,0,1,0,1,0,394,0,0,1,250,251,692,0,4,3,0,3,216,0,0,0,0,1,38,542,290,11,10,198,13,2115,8,0,0,22,37,0,0,1,2,271,6,1,3
GRD,0,1,0,0,0,0,0,0,1,2,0,0,0,0,0,0,0,0,0,0,0,0,1,0,0,1,1,0,0,0,0,2,1,2,2,0,0,0,0,0,0,0,0,0,0,8,0,1,1,0,1,1,0,0,0,0,2,0,2,0,0,16,0,0,0,0,0,1,2,0,0,0,0,0,0,0,0,0,0,3,0,0,0,0,1,9,0,0,1,0,1,0,0,1,1,0,0,0,0,0,0,0,0,0,0,0,0,0,0,0,0,0,0,1,0,0,0,0,0,0,0,0,0,1,0,1,0,0,3,0,4,0,0,0,0,1,1,1,0,0,0,6,0,3,1,0,0,1,0,4,3,0,0,0,0,1,0,0,0,0,0,0,0,0,1,0,0,1,0,0,0,0,0,2,0,0,0,0,0,1,0,0,0,1,1,1,86,0,0,0,2,0,0,0,1,0,6,0,0,0
GRL,0,0,0,0,0,0,2,0,0,11,6,0,0,7,1,0,1,0,0,0,2,0,0,0,0,2,0,0,0,0,0,30,4,4,6,2,2,0,2,0,0,0,2,1,2,12,0,84,0,2,2,2,0,4,2,0,6,1,7,0,0,17,0,2,0,0,0,0,2,0,0,0,0,0,0,1,0,2,1,2,2,2,0,10,3,3,2,2,6,0,2,0,0,0,2,0,2,0,2,0,0,0,0,0,0,2,2,2,1,0,0,0,0,2,0,0,1,2,0,0,1,0,0,0,2,0,0,0,2,0,8,21,2,3,0,2,2,2,2,0,0,3,0,2,0,0,0,0,0,1,4,0,2,0,0,2,0,0,0,0,0,1,0,0,0,2,1,14,0,2,0,0,0,2,0,0,0,0,0,2,4,2,1,2,1,1,18,0,0,0,2,2,0,0,0,0,5,0,0,0
GTM,1,1,0,0,0,0,28,0,0,14,3,0,0,3,2,1,4,1,0,0,1,1,1,0,5,30,1,2,1,0,0,19,7,15,8,2,4,1,25,0,0,16,4,0,5,16,0,6,5,0,12,2,0,30,0,3,2,0,17,0,0,32,0,4,0,0,0,1,4,0,0,0,1,0,9,3,0,0,6,18,4,1,2,0,1,14,1,0,3,1,10,1,1,0,4,0,0,0,1,0,1,0,0,2,0,2,0,0,2,0,1,3,0,35,0,0,3,1,0,1,3,0,0,3,2,0,0,0,6,11,8,6,0,7,3,8,10,12,6,0,2,2,0,5,9,0,0,0,0,4,3,2,2,2,0,6,0,0,12,1,0,1,0,0,1,0,1,5,0,0,0,0,1,3,0,0,0,0,2,2,7,0,2,1,1,4,123,0,0,0,12,4,0,0,0,0,9,7,0,0
GUF,1,0,0,0,0,0,3,0,0,8,3,0,0,10,1,2,1,0,0,0,0,0,0,0,3,26,0,0,0,0,5,7,12,1,2,2,6,1,6,0,0,1,0,0,1,9,0,2,0,0,4,0,0,2,0,4,2,0,85,0,5,16,0,0,0,0,2,0,1,0,0,1,0,5,0,0,0,0,2,3,0,2,0,0,1,7,0,0,2,0,1,0,2,0,2,0,0,1,0,0,0,0,0,0,0,0,0,0,0,0,0,3,0,0,0,2,0,1,0,0,0,0,0,0,0,0,2,2,1,0,7,0,1,1,0,0,1,7,1,0,1,1,0,2,0,0,1,0,0,1,2,1,1,0,3,2,1,0,0,0,1,0,0,0,4,0,0,1,0,0,0,0,1,3,0,0,0,0,0,0,0,0,1,2,0,0,24,0,0,0,3,1,0,0,0,0,3,1,0,0
GUY,0,0,0,0,0,0,0,0,0,4,1,0,0,1,0,0,1,0,0,0,0,0,0,0,3,4,1,0,0,0,0,6,1,0,0,0,0,0,4,0,0,0,1,0,0,5,0,0,0,0,4,0,0,2,0,0,1,0,7,0,0,9,0,0,0,0,0,0,0,0,0,0,5,0,0,0,0,0,0,1,0,0,0,0,0,2,1,0,0,0,0,0,0,0,0,0,0,0,0,0,0,0,0,0,0,0,0,0,0,0,0,0,0,0,0,0,0,0,0,0,0,0,0,0,0,0,0,0,0,0,5,0,0,1,0,0,0,4,0,0,0,0,0,0,0,0,0,0,0,0,0,0,0,0,0,0,0,0,0,0,0,0,0,0,0,0,0,0,0,0,0,0,0,0,0,0,0,0,3,0,0,0,0,0,0,0,18,0,0,0,3,0,0,0,0,0,0,0,0,0
HND,0,0,0,0,0,1,14,0,0,2,0,0,0,0,0,0,1,1,1,0,1,1,1,0,3,14,1,0,1,0,0,3,0,15,2,1,1,0,9,0,0,10,2,0,2,4,0,1,3,0,7,2,0,6,0,0,0,0,4,0,0,2,0,0,0,0,0,0,4,0,0,9,0,0,0,0,3,0,2,2,1,1,0,0,0,3,1,0,1,1,2,0,0,0,3,1,1,0,2,0,0,0,0,1,0,1,0,0,2,0,1,1,0,17,1,0,0,0,0,1,1,0,0,0,1,0,0,0,1,6,4,0,1,1,0,1,5,10,4,0,1,4,0,3,4,0,0,0,0,1,3,0,1,1,0,2,0,0,8,0,0,1,0,0,0,1,2,1,0,0,0,0,0,1,0,0,0,0,0,1,3,0,0,0,2,5,38,0,0,0,4,2,0,0,0,0,1,0,0,0
HRV,0,0,16,0,0,10,28,141,0,113,318,5,0,249,4,2,10,181,0,0,140,107,0,0,1,216,0,6,0,3,0,101,319,30,253,3,5,2,113,0,0,1,42,125,284,580,0,147,1,11,32,127,0,393,143,2,244,2,419,0,1,525,109,5,0,0,0,0,266,0,1,3,0,0,0,0,0,281,20,211,169,128,3,24,88,541,5,8,157,9,4,4,1,0,193,10,8,0,15,0,4,0,0,98,0,141,18,56,11,0,2,1,0,175,53,0,28,2,38,4,7,0,0,2,114,0,0,0,16,0,204,140,1,119,6,187,3,48,7,0,2,315,0,196,5,0,1,104,0,147,239,1,112,4,0,29,0,1,0,1,0,300,0,0,0,106,300,179,0,2,3,0,0,151,0,0,0,0,1,11,236,113,4,5,169,4,602,7,0,0,9,9,1,0,0,0,78,1,0,1
HTI,3,0,0,0,0,0,4,0,0,2,1,0,1,4,1,2,0,0,0,0,0,0,0,0,0,12,0,0,0,1,0,11,3,4,1,2,0,2,2,0,0,0,1,0,0,1,0,1,2,0,1,0,0,3,0,2,0,0,13,0,0,6,1,1,0,0,0,0,0,0,0,0,0,0,3,0,0,0,0,11,0,1,0,0,0,4,0,0,1,0,2,0,1,0,0,0,0,0,1,1,0,0,0,0,0,0,3,0,0,0,0,0,0,3,0,0,0,0,0,2,1,0,0,9,0,0,0,1,2,0,2,0,0,1,1,2,0,11,1,0,0,0,0,0,0,0,0,0,0,0,1,1,1,1,1,1,0,2,0,0,2,1,0,0,0,0,0,4,0,0,0,0,1,5,0,0,0,0,0,0,0,1,1,3,1,0,83,0,0,0,1,1,0,0,0,0,8,2,0,6
HUN,0,0,5,0,0,19,176,257,0,388,658,126,1,482,2,2,9,283,0,0,22,229,0,0,0,415,0,6,0,7,1,401,610,177,578,4,11,4,241,0,0,3,42,131,557,1377,0,381,0,15,32,142,0,785,178,7,359,3,919,1,1,1177,234,6,0,4,2,0,404,0,2,0,0,0,0,281,0,0,23,300,195,145,2,29,259,906,4,4,480,16,10,4,0,1,301,0,9,0,13,0,1,0,0,97,0,162,13,68,131,3,6,3,0,195,25,0,11,4,9,4,6,0,1,1,276,2,0,0,12,0,561,325,3,136,6,177,5,53,14,0,0,604,0,380,3,6,0,113,0,449,521,1,121,3,2,53,0,1,0,0,0,354,0,0,0,334,233,550,0,3,2,0,0,157,1,0,0,0,1,13,382,303,3,11,226,3,1468,6,0,0,13,23,0,0,0,0,234,1,0,1
IDN,6,4,5,0,1,8,24,13,0,450,48,1,0,42,12,8,40,7,6,0,4,4,0,0,2,66,1,13,4,2,1,82,83,21,170,14,21,13,25,0,0,11,16,4,22,244,0,53,2,8,9,28,0,67,14,17,47,3,157,5,4,284,5,18,0,2,0,5,32,0,1,6,2,0,2,20,0,23,0,128,17,27,12,8,16,89,2,8,559,4,30,3,22,0,155,1,4,8,10,0,2,1,0,21,1,6,7,3,14,0,1,11,1,44,3,8,7,16,0,3,10,0,0,14,373,1,9,1,30,1,255,47,26,67,6,40,12,36,91,0,12,35,0,42,3,0,0,7,0,27,33,11,53,10,2,118,3,1,4,1,1,11,0,0,2,26,5,70,0,2,0,1,4,157,0,0,0,0,2,8,46,134,18,18,18,7,394,3,0,0,6,85,5,0,0,4,48,15,2,6
IND,17,3,5,0,0,197,151,144,3,1386,368,4,3,485,18,6,141,169,30,0,7,119,1,0,5,732,7,15,7,18,1,1105,752,193,1501,16,51,24,211,0,1,21,51,126,391,1910,0,342,4,79,69,371,6,869,148,147,449,21,1351,6,2,2407,120,41,0,2,1,14,316,3,2,18,3,1,2,211,11,300,128,0,323,436,39,19,335,1169,16,52,1230,21,110,6,21,2,1811,2,43,11,41,1,13,2,1,167,3,117,34,37,42,2,10,9,2,405,8,19,8,19,0,13,32,0,19,35,834,10,6,10,172,1,683,298,163,289,146,428,29,115,143,0,10,565,0,391,11,1,0,190,1,190,693,17,1476,22,13,555,0,4,2,1,3,183,0,0,2,98,94,595,2,4,10,0,11,423,3,0,0,0,18,57,464,714,55,49,205,17,6168,17,0,0,32,143,3,0,1,16,904,31,1,34
IRL,1,2,3,1,0,32,56,104,2,631,309,1,0,463,9,2,22,149,17,0,14,109,0,2,1,361,2,7,1,2,0,597,552,85,663,9,12,7,199,0,2,11,4,139,235,1218,0,349,2,28,44,156,0,825,157,14,346,5,897,5,0,2609,107,20,0,0,1,1,286,0,2,4,0,0,1,169,0,195,17,323,0,158,10,50,107,885,7,12,193,9,17,4,2,1,207,0,12,0,23,0,4,1,0,114,0,141,43,58,17,5,3,1,0,195,9,1,33,6,4,0,12,0,2,17,171,4,5,0,28,0,709,274,5,236,10,154,10,24,28,0,4,423,0,304,5,0,0,123,0,153,369,7,171,8,1,126,0,5,0,1,0,156,0,0,0,62,94,434,2,5,4,0,3,137,0,0,0,0,4,19,219,148,16,23,185,12,1825,6,0,0,10,75,1,0,0,0,182,9,1,5
IRN,9,2,1,0,0,66,44,107,0,782,218,7,0,282,9,3,28,124,10,0,6,109,0,0,3,273,1,3,0,1,1,939,305,64,540,9,14,7,150,0,0,12,6,119,176,797,0,156,1,33,35,209,0,455,118,23,224,2,459,5,1,885,108,14,0,0,0,1,201,0,2,1,2,0,1,128,1,145,27,436,158,0,70,12,50,725,4,34,256,12,15,5,2,0,393,2,34,2,40,0,3,1,0,111,0,138,17,31,23,1,1,4,0,191,3,2,4,8,2,3,6,1,3,5,871,0,5,3,49,0,330,90,7,210,39,234,10,19,25,0,4,303,0,223,7,3,0,154,0,120,199,6,308,9,5,96,1,0,1,0,1,160,0,0,0,42,37,311,0,5,9,0,5,165,2,0,0,0,0,32,501,171,8,10,143,7,2221,7,0,0,12,55,0,0,0,5,223,7,1,10
IRQ,2,3,0,0,0,24,5,0,0,78,12,0,0,17,8,0,8,4,16,0,1,1,0,0,0,15,0,5,0,1,0,27,16,4,60,3,7,3,13,0,0,4,0,1,8,68,0,11,1,9,0,49,0,29,5,7,13,0,41,4,0,248,1,12,0,0,0,2,7,0,0,2,0,0,0,3,0,2,12,39,10,70,0,11,10,43,0,21,18,1,6,2,1,0,17,0,7,0,17,0,9,1,0,6,0,3,4,1,5,0,1,0,0,11,0,0,4,2,0,0,4,1,1,5,374,0,4,0,27,0,23,9,1,15,25,23,4,11,5,0,3,20,0,18,1,0,0,14,0,33,28,5,74,7,0,6,0,0,0,1,0,8,0,0,0,5,1,37,0,0,10,0,2,2,1,0,0,0,0,17,59,11,6,7,10,3,125,0,0,0,0,8,0,0,0,9,19,4,1,2
ISL,1,2,4,0,0,7,11,3,0,92,93,1,0,73,6,0,10,8,5,0,5,4,1,0,0,29,0,0,0,1,0,102,77,24,76,6,9,3,15,0,0,5,2,8,32,199,0,211,0,8,2,8,0,123,44,8,150,2,168,5,0,297,6,10,0,1,0,1,55,0,10,0,0,0,0,24,0,29,8,19,50,12,11,0,33,145,5,8,57,2,14,1,0,3,33,0,4,0,9,0,1,1,0,6,0,31,10,14,10,0,1,0,0,22,4,0,6,5,1,0,4,0,0,4,19,3,5,0,10,1,147,201,2,37,4,11,7,9,10,0,2,79,0,54,0,0,0,9,1,31,74,5,20,0,0,45,0,0,0,0,0,15,0,0,1,18,28,301,0,3,0,0,3,20,0,0,0,0,0,6,23,23,8,12,9,4,378,1,0,0,3,9,1,0,0,0,41,5,1,3
ISR,3,3,5,0,0,38,209,132,0,613,368,121,0,316,8,3,18,116,6,0,16,132,1,0,2,324,2,2,0,2,1,918,578,225,682,9,15,6,163,0,0,10,4,49,289,1666,0,387,2,22,7,50,0,751,46,10,185,2,1012,5,0,1401,137,10,0,3,0,3,306,1,3,1,1,0,0,88,0,259,16,335,107,50,10,33,0,1075,7,53,442,18,21,4,0,0,202,0,7,0,31,0,7,1,0,13,0,41,30,35,143,5,7,0,0,94,16,2,13,6,2,3,8,0,1,5,205,1,14,0,23,0,646,286,4,95,6,49,12,20,21,1,2,411,0,287,4,13,0,27,1,204,503,9,82,1,6,162,1,1,0,0,0,179,0,0,0,167,197,490,1,3,6,0,3,44,0,0,0,0,2,32,312,224,12,12,81,11,4463,0,0,0,16,19,0,0,0,1,249,8,1,7
ITA,3,7,72,1,1,153,589,301,0,2414,2033,142,0,2640,18,22,49,427,11,0,56,270,1,1,13,1880,4,9,3,13,1,2642,3940,737,2280,18,90,15,515,1,3,42,92,250,1196,7916,1,1782,6,135,94,385,3,5962,305,49,1294,7,7309,5,9,9326,284,46,0,10,9,7,1593,9,3,14,7,2,3,541,4,906,89,1169,885,725,43,145,1075,0,10,76,1801,42,91,9,8,10,874,2,30,7,111,0,12,1,4,111,0,288,152,123,241,14,12,12,6,688,67,11,107,10,24,16,17,2,6,25,426,10,18,8,92,3,4013,1285,21,451,37,351,23,116,71,0,11,1914,2,1507,18,7,1,262,3,911,1588,11,598,13,24,388,0,7,9,17,0,604,0,0,5,400,609,2500,1,7,9,1,9,318,3,0,0,0,5,234,1098,618,45,49,409,52,11937,20,8,0,63,134,4,1,1,8,734,27,3,12
JAM,0,0,0,0,0,2,6,0,1,16,5,0,0,4,1,0,3,1,0,2,3,0,1,0,0,8,6,1,0,0,0,29,13,6,6,3,4,1,9,0,0,1,7,2,6,13,0,5,1,4,5,3,0,7,5,0,8,2,9,0,0,34,1,8,0,0,1,0,6,0,2,1,0,1,1,5,0,4,2,16,7,4,0,5,7,10,0,4,6,0,5,0,0,0,7,0,5,0,3,0,0,0,0,1,0,3,3,2,2,0,0,0,0,6,0,0,2,3,0,0,2,0,0,1,4,0,0,0,9,1,9,5,2,6,0,5,4,5,4,0,0,4,0,6,1,0,0,1,0,3,4,0,6,1,1,6,0,0,1,0,0,4,0,0,0,3,5,8,1,9,0,0,0,4,0,0,0,0,21,4,5,4,4,4,0,0,111,0,0,0,4,3,0,0,0,0,17,1,0,1
JOR,3,2,2,0,0,94,10,1,0,85,27,0,0,19,8,0,11,1,14,0,5,7,0,0,0,23,0,1,0,1,0,81,29,12,41,8,10,3,16,0,0,6,5,9,8,127,0,15,0,25,4,54,0,37,9,13,19,2,45,5,0,163,3,9,0,0,0,1,22,0,2,0,0,0,0,8,0,4,8,52,12,34,21,8,53,76,4,0,39,1,15,1,0,0,32,0,35,0,31,0,8,1,0,8,0,4,8,4,20,0,0,0,0,17,1,0,4,6,1,1,4,0,0,4,64,0,5,0,19,0,27,21,4,12,33,28,8,11,21,0,2,14,0,19,1,8,0,50,0,13,28,5,253,7,0,16,0,1,0,0,0,18,0,0,0,13,6,29,0,3,12,0,3,12,0,0,0,0,1,36,35,20,10,9,11,4,314,0,0,0,4,12,0,0,0,6,19,6,1,2
JPN,11,2,6,0,0,66,293,169,0,2053,681,127,0,716,15,9,308,174,10,2,12,135,3,2,9,723,0,13,7,7,4,1749,1235,377,5896,12,35,17,211,0,0,18,52,31,557,3416,0,667,2,33,30,504,0,1414,54,36,556,13,2603,6,5,3482,138,40,0,5,0,8,383,1,6,3,2,0,1,157,1,480,559,1230,193,256,18,57,442,1801,6,39,0,31,68,4,47,2,2258,1,20,24,45,0,4,1,2,87,0,47,41,34,163,9,2,6,1,314,9,4,12,54,1,65,6,1,4,9,800,5,12,4,78,1,1208,489,64,308,23,188,19,93,249,3,10,782,0,370,10,9,4,65,0,291,1115,7,440,15,5,627,1,5,1,0,1,190,0,0,1,279,235,1028,1,3,6,0,5,932,1,0,0,0,3,58,471,1262,36,27,151,27,9836,16,4,0,32,473,3,0,0,4,447,25,1,6
KAZ,1,0,2,0,0,5,4,3,0,31,16,5,0,10,2,1,3,15,1,0,3,12,0,0,0,17,0,1,2,0,0,27,21,6,82,2,2,2,3,0,0,2,0,8,13,74,0,10,0,2,2,12,0,21,6,3,16,0,42,1,0,94,4,1,0,0,0,0,29,0,0,1,0,0,1,9,0,16,4,21,9,12,1,2,18,42,0,1,31,0,4,14,0,0,19,0,1,1,2,0,0,0,0,1,0,8,1,6,2,0,1,1,0,6,1,0,0,1,1,6,2,0,0,1,11,0,1,0,3,1,14,14,1,6,0,24,2,2,3,0,2,46,0,8,1,0,0,2,0,10,272,2,11,0,0,15,0,0,1,0,0,7,0,0,0,13,7,24,0,0,1,0,0,4,3,0,0,0,0,3,39,5,2,1,56,0,146,16,0,0,1,4,0,0,0,0,12,1,0,1
KEN,4,5,1,0,0,17,29,2,0,153,37,1,6,116,23,20,27,6,6,0,4,0,1,0,2,59,1,1,1,18,0,189,144,25,145,25,47,25,42,1,0,9,3,4,16,229,0,66,0,9,10,37,0,77,13,78,41,4,128,6,7,500,3,69,0,5,0,20,16,1,2,10,1,0,2,4,2,10,30,110,17,15,6,14,21,91,5,15,68,4,0,3,5,1,32,0,4,4,16,8,4,1,0,14,0,4,15,3,13,1,2,9,2,54,1,38,3,10,1,3,36,1,4,52,21,9,5,5,76,2,164,40,13,35,9,39,13,31,26,0,7,19,0,37,2,0,0,8,2,12,20,32,23,19,22,26,0,4,2,0,1,8,0,0,1,14,4,120,7,4,2,1,5,35,2,0,0,0,1,17,26,18,137,144,8,6,884,1,2,0,8,27,1,0,1,3,271,59,4,42
KGZ,3,2,1,0,0,4,5,1,0,7,5,2,0,6,1,2,5,2,1,0,2,1,0,0,1,7,0,1,1,0,0,12,18,4,14,3,1,3,3,0,0,2,0,2,5,30,0,6,0,4,1,4,0,6,4,3,6,0,11,1,0,18,3,2,0,0,0,1,5,0,0,1,0,0,0,4,0,4,3,6,4,5,2,1,4,9,0,1,4,14,3,0,1,0,4,0,0,0,4,0,0,0,0,1,0,7,2,3,2,0,2,1,0,5,2,1,1,0,0,5,3,1,0,1,3,0,1,0,3,0,6,6,2,3,1,9,1,4,5,0,1,4,0,5,3,0,0,1,0,3,43,2,3,1,0,5,0,0,1,0,0,3,0,0,0,4,3,9,0,0,2,2,1,2,4,0,0,0,0,3,36,2,2,1,6,2,22,4,0,0,3,5,0,0,0,1,7,3,0,0
KHM,1,1,0,0,0,0,2,0,0,69,3,0,0,20,5,4,12,0,0,0,0,1,0,0,0,11,0,4,2,0,1,19,27,2,26,1,5,6,7,0,0,0,1,0,1,20,0,16,1,2,1,1,0,8,0,4,4,0,71,0,2,64,0,4,0,0,0,2,2,0,0,1,2,0,0,1,1,0,22,21,2,2,1,0,0,8,0,0,47,0,5,1,0,0,13,0,0,21,0,0,1,0,0,2,1,1,1,0,1,0,0,4,0,2,0,4,1,7,0,0,3,0,0,5,25,0,0,2,6,0,21,1,9,6,2,3,0,4,17,0,4,1,0,2,1,0,0,0,1,1,0,3,5,4,5,34,2,0,1,1,1,0,0,0,0,1,0,11,0,0,0,0,1,94,0,0,0,0,0,0,1,9,8,4,0,0,111,0,0,0,1,32,0,0,0,0,11,6,1,2
KNA,0,1,0,0,0,0,0,0,1,6,1,1,0,11,0,0,1,0,0,0,0,0,0,0,0,4,2,0,0,0,0,9,5,1,5,0,0,0,0,0,0,0,1,0,0,5,0,15,2,0,0,1,0,8,0,0,0,0,2,0,0,12,0,0,0,0,0,0,1,1,0,0,0,0,0,0,0,1,0,2,1,0,0,3,0,10,0,0,2,0,1,0,0,0,0,0,0,0,0,0,0,0,0,0,0,0,2,0,0,0,0,0,0,1,0,0,0,0,0,0,0,0,0,0,0,0,0,0,0,0,4,0,0,2,1,0,1,0,0,0,0,1,0,14,0,0,0,0,0,4,1,0,0,0,0,0,0,0,0,0,0,1,0,0,0,0,0,3,0,0,0,0,0,1,0,0,0,0,0,0,0,0,2,1,0,0,39,0,0,0,1,0,0,0,0,0,9,0,0,0
KOR,2,2,3,0,0,99,85,153,0,1017,331,5,0,440,8,11,129,144,11,1,7,118,0,0,1,420,0,20,0,2,0,992,591,149,3314,9,16,6,176,0,0,13,41,119,341,1603,0,294,0,29,46,333,0,687,133,35,367,10,989,5,2,1547,115,29,0,9,1,1,270,1,2,4,2,0,3,193,0,301,155,1811,207,393,17,33,202,874,7,32,2258,19,32,4,13,0,0,0,19,8,19,0,2,1,0,133,0,123,40,45,23,3,10,7,0,304,7,2,7,21,0,37,7,0,4,7,389,0,5,0,32,0,471,180,34,274,37,564,11,73,151,1,4,451,2,230,13,0,5,188,0,94,660,6,603,13,8,494,0,1,1,0,0,154,0,0,1,85,70,407,2,4,3,0,3,428,0,0,0,0,3,29,340,691,34,13,219,11,9461,20,2,0,21,446,0,0,0,1,175,6,3,6
KOS,0,0,20,0,0,1,1,0,0,1,11,1,0,2,0,0,0,3,1,0,3,0,0,0,1,1,0,0,0,0,0,4,3,1,2,0,0,0,1,0,0,1,1,0,0,10,0,0,1,0,1,3,0,2,0,0,0,0,6,0,0,5,0,0,0,0,0,0,4,0,0,0,0,0,1,10,0,0,1,2,0,2,0,0,0,2,0,0,1,0,0,0,0,0,0,0,1,0,1,0,0,0,0,1,0,1,0,0,1,0,1,0,0,1,13,0,0,0,1,1,0,0,0,1,1,0,0,0,0,0,0,3,1,0,0,1,1,1,1,0,1,3,0,0,0,0,0,0,0,3,1,0,2,1,1,1,0,0,0,0,0,5,0,0,0,2,5,1,0,0,0,0,0,3,0,0,0,0,0,1,5,0,1,1,0,1,10,0,0,0,1,1,0,0,0,0,1,0,0,0
KWT,1,0,0,0,0,45,9,0,0,52,24,1,0,16,2,0,7,3,24,0,3,0,0,0,1,19,0,0,0,0,0,59,24,8,33,3,4,1,7,0,0,1,4,4,11,40,0,14,1,3,4,94,0,34,7,2,23,2,27,0,0,103,1,2,0,0,0,0,21,0,2,0,0,0,1,8,0,9,4,43,12,34,7,4,7,30,5,35,20,1,4,0,0,0,19,1,0,0,27,0,3,0,0,3,0,4,3,2,5,0,0,0,0,5,3,0,2,3,0,1,3,0,0,0,39,0,0,0,10,0,21,9,4,8,27,23,4,4,8,0,1,15,0,8,0,0,0,41,0,3,11,1,95,6,1,15,0,0,0,0,0,13,0,0,0,7,5,18,0,4,1,0,0,11,0,0,0,0,0,11,29,8,3,4,2,1,196,0,0,0,5,5,0,0,0,2,7,1,0,0
LAO,2,0,0,0,0,0,1,0,0,30,6,0,0,8,3,2,7,0,0,0,0,0,0,0,0,7,0,0,0,0,1,13,19,2,8,2,2,2,3,0,0,1,0,1,0,17,0,6,0,0,1,0,0,4,0,6,2,0,41,0,2,52,0,1,0,1,0,2,0,0,0,0,1,0,0,0,0,0,8,11,0,2,0,0,0,7,0,0,24,1,4,0,21,0,8,0,0,0,0,0,0,0,0,2,0,0,0,0,1,0,0,5,0,0,0,2,0,5,0,0,2,0,0,2,5,0,1,1,3,0,11,1,1,6,0,3,1,3,8,0,1,0,0,0,0,0,0,0,0,1,3,2,0,1,3,9,1,0,0,0,1,0,0,0,1,0,0,9,0,0,0,0,1,72,0,0,0,0,0,0,0,2,5,5,0,0,51,0,0,0,1,19,0,0,0,0,6,2,0,0
LBN,4,2,2,0,0,48,16,0,0,77,31,1,0,63,9,0,8,9,14,0,9,1,0,0,2,57,1,1,0,2,0,126,63,30,73,11,13,3,28,0,0,10,4,10,15,114,0,29,1,24,8,101,0,83,15,13,32,2,474,5,0,166,6,14,0,0,0,1,40,0,2,1,0,0,2,15,1,13,10,41,23,40,17,9,31,111,3,31,45,2,16,4,0,0,19,1,27,0,0,0,7,1,0,9,0,7,9,7,22,1,0,0,0,26,3,0,7,7,1,1,4,1,0,5,22,2,5,0,25,0,46,31,4,23,13,24,10,20,19,0,3,30,0,30,1,1,0,61,1,25,31,5,82,5,0,22,0,1,1,0,0,15,0,0,0,18,17,32,0,3,16,0,4,20,1,0,0,0,1,31,43,14,10,10,8,6,454,0,0,0,7,18,0,0,0,7,32,8,1,2
LBR,0,0,0,0,0,0,0,0,0,1,1,0,0,5,1,3,0,0,0,0,0,0,0,0,0,0,0,0,0,0,0,11,10,0,2,3,3,5,0,0,1,0,0,0,0,12,0,0,0,0,0,3,0,0,0,1,0,0,6,0,0,15,0,2,0,6,0,1,0,0,0,0,0,0,0,0,1,0,0,1,0,0,0,0,0,0,0,0,0,0,8,0,0,0,0,0,0,0,0,0,0,0,0,0,0,0,0,0,0,0,0,0,0,0,0,0,0,1,0,0,1,0,0,0,0,1,0,0,7,0,1,0,1,0,0,0,0,0,2,0,0,0,0,1,0,0,0,0,0,0,0,1,0,1,3,0,1,4,0,0,0,0,0,0,0,0,0,4,1,1,0,1,2,0,0,0,0,0,0,0,0,0,1,5,0,0,39,0,0,0,0,0,0,0,0,0,4,0,1,0
LBY,2,0,1,0,0,7,2,0,0,18,6,0,0,4,3,0,2,0,4,0,1,0,0,0,0,3,0,1,1,0,0,14,5,2,3,1,2,0,2,0,0,1,0,3,0,9,0,2,1,2,0,58,0,6,2,5,8,0,20,1,0,54,1,2,0,0,0,0,7,0,0,1,0,0,0,4,0,1,2,13,4,3,9,1,7,12,0,8,4,0,4,0,1,0,2,0,3,0,7,0,0,1,0,2,0,1,1,0,4,0,0,0,0,2,1,0,2,0,1,0,1,0,0,2,33,0,1,0,3,0,2,3,1,2,3,4,1,2,1,0,0,1,0,5,1,0,0,3,0,1,2,2,19,3,0,1,0,0,0,1,0,15,0,0,0,1,1,5,0,0,2,0,0,2,0,0,0,0,0,9,9,2,3,1,1,1,35,0,0,0,0,1,0,0,0,4,3,1,1,2
LCA,0,0,0,0,0,1,0,0,0,3,1,0,0,0,1,0,1,0,1,0,0,0,0,0,0,1,0,0,0,0,0,2,1,0,1,1,1,0,1,0,0,1,0,0,0,1,0,1,1,1,0,1,0,1,1,1,1,0,1,1,0,2,0,1,0,0,0,0,1,0,0,0,0,0,0,0,0,0,1,2,1,1,1,1,1,1,0,1,1,0,1,0,0,0,1,0,0,0,1,0,1,0,0,1,0,0,1,0,1,0,0,0,0,1,0,0,0,0,0,0,0,0,0,1,1,0,1,0,1,0,1,1,1,1,1,1,1,1,1,0,0,1,0,1,0,0,0,1,0,0,1,1,2,0,0,1,0,0,0,0,0,1,0,0,0,1,0,1,0,0,0,0,0,0,0,0,0,0,1,1,1,1,1,1,1,1,6,0,0,0,0,1,0,0,0,0,1,1,1,1
LIE,0,0,0,0,0,0,0,0,0,3,32,0,0,5,0,0,0,0,0,0,0,0,0,0,0,0,0,0,0,0,0,1,29,0,1,0,0,0,0,0,0,0,0,0,1,37,0,5,0,0,0,1,0,3,2,0,3,0,8,0,0,7,0,0,0,0,0,0,1,0,0,0,0,0,0,0,0,0,0,1,0,0,0,0,0,4,0,0,2,0,0,0,0,0,0,0,0,0,0,0,0,0,0,0,0,0,0,0,0,0,0,0,0,0,0,0,0,0,0,0,0,0,0,0,1,0,0,0,0,0,5,0,0,0,0,1,0,0,0,0,0,4,0,0,0,0,0,0,0,0,0,0,1,0,0,1,0,0,0,0,0,0,0,0,0,1,0,2,0,0,0,0,0,0,0,0,0,0,0,0,0,3,0,0,0,0,28,0,0,0,0,0,0,0,0,0,0,0,0,0
LKA,3,2,0,0,0,8,10,95,1,178,105,1,0,109,8,3,20,97,7,1,0,96,0,0,1,122,0,10,1,2,0,61,118,12,163,7,8,3,111,0,0,9,1,98,96,134,0,18,2,5,28,111,0,111,103,12,109,2,117,5,0,240,97,12,0,0,0,2,109,0,0,2,0,0,1,98,0,97,21,167,114,111,6,6,13,111,1,8,87,1,14,1,2,0,133,1,3,2,9,0,2,1,0,0,0,100,5,25,6,0,0,4,2,107,1,0,2,7,0,4,4,0,0,6,146,1,5,0,14,1,31,15,9,131,7,121,9,9,22,0,4,107,0,104,2,1,0,102,0,7,106,8,96,4,0,30,0,0,0,1,0,102,0,0,0,9,1,47,0,0,0,0,3,121,0,0,0,0,0,5,112,107,11,5,100,6,266,6,0,0,1,21,0,0,0,0,22,6,1,4
LSO,0,0,0,0,0,0,1,0,0,1,0,0,0,2,0,0,0,0,0,0,0,0,0,0,0,0,0,0,0,2,0,1,5,0,0,0,0,0,0,0,0,0,0,0,0,2,0,1,0,0,0,0,0,1,0,0,0,0,2,0,0,1,0,0,0,0,0,0,0,0,0,0,0,0,0,0,0,0,1,3,0,0,0,0,0,0,0,0,0,0,0,0,1,0,0,0,0,0,0,0,0,0,0,0,0,0,0,0,0,0,0,0,0,0,0,0,0,0,0,0,1,0,0,1,1,0,0,0,0,0,1,0,0,0,0,0,0,0,0,0,0,1,0,0,0,0,0,0,0,0,0,0,0,0,0,0,0,0,0,0,0,0,0,0,0,0,0,0,0,0,0,0,0,1,0,0,0,0,0,0,0,0,1,1,0,0,8,0,0,0,0,1,0,0,0,0,17,1,0,1
LTU,0,1,3,0,0,6,19,99,0,78,182,1,0,197,3,2,7,140,1,0,14,130,0,0,1,133,0,2,0,0,0,64,212,25,165,3,6,3,119,0,0,1,4,124,181,348,0,101,2,10,33,114,0,273,174,2,218,2,266,0,0,308,111,6,0,0,0,1,178,0,2,2,0,0,1,141,0,162,6,117,141,138,3,31,41,288,3,4,47,8,4,7,1,0,123,1,4,0,7,0,1,0,0,100,0,0,11,134,7,0,12,1,0,120,14,0,15,3,11,2,6,0,0,2,130,0,0,0,6,0,110,81,3,118,5,116,5,11,7,0,2,266,0,190,3,0,0,98,0,58,202,1,95,3,0,15,0,0,0,1,0,142,0,0,0,47,54,160,0,3,2,0,0,111,0,0,0,0,0,8,161,125,4,4,168,8,321,6,0,0,8,7,0,0,0,0,40,1,0,0
LUX,3,2,0,0,0,8,10,0,0,54,91,0,2,183,10,5,7,8,5,0,5,0,0,0,3,34,0,0,0,0,1,68,108,14,48,10,9,7,14,0,0,7,5,9,28,315,0,59,1,12,3,11,0,117,12,9,44,2,293,5,1,237,3,12,0,1,0,1,44,0,2,0,0,0,0,18,3,13,7,34,43,17,4,10,30,152,3,8,41,1,15,2,1,2,40,0,3,0,9,0,1,1,0,5,0,11,0,10,7,1,0,0,0,34,2,2,6,6,1,0,4,0,0,9,9,0,5,0,12,0,131,60,3,17,3,15,8,10,10,0,2,50,0,52,0,0,0,9,1,17,33,8,15,0,4,20,0,1,1,0,0,23,0,0,0,18,24,77,3,3,0,0,4,9,0,0,0,0,1,12,22,13,7,8,10,5,232,0,0,0,5,12,0,0,0,0,24,6,1,5
LVA,0,1,2,0,0,5,14,27,0,41,77,1,0,79,2,2,3,59,0,0,13,39,0,0,0,46,0,1,0,1,0,50,81,14,54,3,4,3,37,0,0,1,2,34,77,170,0,71,0,6,29,37,0,106,115,0,107,1,110,0,0,118,29,4,0,0,0,1,66,0,2,0,0,0,0,56,0,68,3,37,58,31,1,14,35,123,2,4,34,6,3,3,0,0,45,0,2,0,7,0,0,0,0,25,0,134,10,0,4,1,2,0,0,40,13,0,6,2,3,0,3,0,0,0,39,0,0,0,3,0,68,51,2,37,1,32,3,9,7,0,1,132,0,73,3,0,0,28,0,42,115,0,19,1,0,15,0,1,0,0,0,49,0,0,1,28,24,98,0,2,2,0,0,35,0,0,0,0,1,7,47,36,3,4,71,2,128,5,0,0,8,8,0,0,0,1,23,1,0,0
MAR,3,3,3,0,0,23,135,120,0,161,138,122,1,70,13,6,8,82,7,0,6,121,0,0,1,150,0,2,1,2,0,221,162,143,162,14,22,5,129,0,1,7,4,6,132,230,0,140,1,92,8,55,0,345,11,8,21,2,829,4,4,220,123,11,0,3,2,2,151,0,1,2,0,0,2,11,0,131,14,42,17,23,5,10,143,241,2,20,163,2,13,2,1,0,23,1,5,1,22,0,4,1,0,6,0,7,7,4,0,1,1,4,0,29,3,8,5,4,1,3,5,7,1,4,137,0,5,5,12,1,165,136,3,18,7,30,8,11,9,0,2,152,0,178,3,15,0,20,0,145,154,5,95,6,12,12,0,1,3,0,0,134,0,0,0,128,127,161,0,2,4,1,7,12,1,0,0,0,2,77,165,139,9,7,12,5,248,2,0,0,10,11,0,0,0,7,148,6,1,2
MCO,0,0,0,0,0,1,1,0,0,11,10,0,0,9,0,0,0,0,0,0,0,0,0,0,0,5,0,0,0,0,0,7,10,1,3,0,0,0,1,0,0,1,1,2,2,19,0,3,0,0,0,0,0,13,1,0,4,0,88,0,0,18,0,1,0,0,1,0,6,0,0,0,0,0,0,0,0,3,0,2,5,1,0,0,5,14,0,0,9,0,1,0,0,0,3,0,0,0,1,0,0,0,0,0,0,0,1,1,1,0,0,0,0,4,0,0,1,0,0,0,0,0,0,0,2,0,1,0,0,0,11,8,0,3,0,0,0,0,0,0,0,8,0,4,0,0,2,4,0,1,3,0,6,0,0,1,0,0,0,0,0,2,0,0,0,3,1,3,0,0,0,0,0,2,0,0,0,0,0,0,2,1,0,0,3,0,25,0,0,0,1,0,0,0,0,0,2,0,0,0
MDA,1,2,2,0,0,2,1,4,0,7,6,1,0,9,0,0,2,2,0,0,2,14,0,0,1,3,0,0,0,0,0,6,17,0,6,1,1,1,0,0,0,1,0,1,8,63,0,9,0,1,0,3,0,22,3,1,7,0,27,0,0,19,2,2,0,0,0,2,5,0,0,1,0,0,1,2,0,6,1,10,3,1,1,1,7,12,0,0,2,1,2,2,0,0,10,1,0,0,0,0,0,0,0,0,0,12,0,2,1,0,0,1,0,2,3,0,0,0,2,3,0,0,0,0,0,0,0,0,2,0,11,5,1,2,0,2,0,1,1,0,1,13,0,6,1,0,0,0,0,48,55,1,2,0,0,0,0,0,1,0,0,3,0,0,0,3,4,7,0,0,0,0,0,3,1,0,0,0,0,1,5,1,2,1,28,0,50,0,0,0,0,1,0,0,0,0,7,1,0,0
MDG,3,1,0,0,0,0,2,1,0,19,6,0,0,16,5,10,5,1,0,0,0,1,0,0,0,19,0,0,1,0,2,11,27,6,12,7,8,4,6,2,0,4,0,1,2,36,0,5,0,0,4,1,0,7,1,4,2,1,85,0,3,48,1,9,0,4,1,3,1,0,0,3,3,0,1,1,0,3,11,9,1,4,0,0,0,12,0,0,6,1,9,1,4,0,7,0,0,5,0,0,0,0,0,4,0,1,0,0,4,0,1,0,0,8,0,5,0,4,0,1,4,0,1,3,11,0,1,1,8,1,7,6,1,9,0,2,3,7,3,0,3,1,0,5,2,0,1,1,7,1,2,3,2,2,10,1,1,0,2,0,1,2,0,0,1,0,0,8,0,0,0,0,3,9,0,0,0,0,0,0,3,1,15,6,2,0,105,0,0,0,0,12,1,0,0,0,20,3,1,0
MDV,1,0,0,0,0,0,0,1,0,5,0,0,0,0,0,0,1,0,0,0,0,0,0,0,0,0,0,0,1,0,0,0,2,0,1,0,0,0,0,0,0,0,0,0,0,0,0,0,0,0,0,0,0,1,0,0,0,0,0,0,0,1,0,0,0,0,0,0,1,0,0,0,0,0,0,0,0,0,1,2,0,0,0,0,0,6,0,0,1,0,2,0,0,0,0,0,0,0,0,0,0,0,0,2,0,0,0,0,0,0,0,0,0,0,0,0,0,0,0,0,0,0,0,0,1,0,0,0,0,0,1,0,1,0,0,1,0,0,0,0,0,0,0,1,0,0,0,0,0,0,0,0,0,0,0,0,0,0,0,0,0,0,0,0,0,0,0,1,0,0,0,0,0,1,0,0,0,0,0,0,0,0,1,0,0,0,4,0,0,0,0,0,0,0,0,0,0,0,0,0
MEX,5,3,3,0,0,23,383,143,0,405,256,1,0,302,10,4,17,131,8,4,11,103,4,1,26,743,3,6,1,1,1,640,402,447,492,10,14,7,530,0,0,69,205,105,238,871,0,182,20,17,157,165,0,1756,118,17,237,2,902,5,1,934,113,21,0,0,2,3,235,1,2,35,0,0,17,175,3,195,44,405,195,191,11,22,94,688,6,17,314,6,54,5,2,1,304,1,5,0,26,0,2,1,0,107,0,120,34,40,29,4,2,8,0,0,6,1,6,8,2,7,9,0,1,7,144,1,9,0,48,15,341,117,9,199,8,198,39,156,35,0,5,294,0,290,31,1,1,112,0,108,370,8,151,5,1,76,1,1,13,1,0,136,0,0,1,78,33,218,1,5,4,0,4,190,0,0,0,0,3,22,246,182,17,19,205,86,3067,9,3,0,128,27,0,0,1,1,194,10,1,6
MKD,0,0,12,0,0,4,7,0,0,10,22,1,0,25,0,2,2,41,1,0,19,2,0,0,1,14,0,0,0,0,0,27,22,5,26,0,0,2,4,0,0,1,1,5,27,76,0,17,1,4,1,8,0,53,8,0,19,0,34,0,0,48,5,0,0,0,0,0,31,0,0,0,0,0,1,53,0,25,3,8,9,3,0,4,16,67,0,1,9,1,1,2,0,0,7,13,3,0,3,0,1,0,0,1,0,14,2,13,3,0,3,0,0,6,0,0,1,0,18,1,2,0,0,0,3,0,0,0,0,0,31,20,1,4,0,5,1,3,2,0,1,35,0,27,2,1,0,0,0,31,21,0,1,1,0,4,0,0,0,0,0,80,0,0,0,20,47,18,0,0,3,0,0,2,0,0,0,0,0,3,29,1,0,0,9,3,66,0,0,0,3,3,0,0,0,0,9,0,0,0
MLI,2,1,0,0,0,0,2,0,0,12,5,0,1,18,12,32,12,1,0,0,0,0,0,0,0,5,0,0,0,1,1,14,23,0,8,12,11,9,3,0,0,2,0,0,1,20,0,7,0,0,1,1,0,10,0,13,1,0,56,0,10,40,0,19,0,7,1,20,2,0,0,0,2,0,0,0,0,0,8,19,1,2,0,0,2,11,0,0,4,0,38,1,4,0,2,0,0,2,0,0,0,0,0,0,0,0,2,0,8,0,0,5,0,1,0,0,0,3,0,1,9,4,1,10,1,0,0,14,22,0,19,4,3,2,0,7,0,2,1,0,2,0,0,2,0,0,0,1,0,1,0,3,1,5,23,1,1,1,0,0,1,0,0,0,0,0,2,6,0,0,0,5,6,8,0,0,0,0,0,3,0,2,10,10,0,1,82,0,0,0,0,2,0,0,0,0,13,7,1,1
MLT,0,0,3,0,0,5,10,0,0,19,19,0,0,29,3,0,4,5,0,0,6,2,0,0,0,14,0,2,0,0,0,32,25,6,13,2,4,0,5,0,0,1,2,17,12,47,0,24,1,5,2,7,0,47,11,2,17,2,46,0,0,119,2,4,0,0,0,0,38,0,1,3,0,0,0,28,0,11,7,8,33,4,4,6,13,107,2,4,12,0,3,1,1,0,7,0,2,0,7,0,2,0,0,2,0,15,6,6,5,1,0,0,0,6,1,0,0,2,2,0,4,0,0,2,7,0,0,0,5,0,48,26,1,8,4,5,2,4,3,0,0,24,0,32,1,0,0,1,0,17,9,2,9,2,0,4,0,0,0,1,0,18,0,0,0,10,18,25,0,2,1,0,0,5,0,0,0,0,1,7,20,6,3,2,5,2,51,0,0,0,4,3,0,0,0,0,13,0,0,0
MMR,2,1,0,0,0,3,5,1,0,23,12,0,0,11,6,3,10,0,3,0,3,0,0,0,0,12,0,1,0,0,1,12,14,7,41,8,9,4,11,0,0,3,4,2,4,18,0,9,0,6,3,6,0,8,5,6,7,3,16,3,2,39,1,8,0,1,0,3,6,0,2,1,1,0,0,2,0,4,16,19,6,8,2,5,6,10,3,6,54,1,10,0,7,0,21,0,3,5,7,1,0,0,0,7,0,3,6,2,4,0,0,4,0,8,0,3,2,0,0,1,4,0,0,4,20,0,3,1,12,0,11,10,5,10,1,9,7,10,17,0,5,9,0,7,0,0,0,3,0,4,7,6,6,1,2,17,1,0,0,0,1,6,0,0,0,6,2,11,0,3,0,0,3,44,0,0,0,0,0,5,6,7,9,9,2,2,61,0,0,0,4,23,0,0,0,0,10,6,1,1
MNE,0,0,11,0,0,0,0,2,0,2,8,0,0,10,0,0,0,9,0,0,20,1,0,0,0,3,0,0,0,0,0,7,11,2,3,0,0,0,0,0,0,0,0,1,7,11,0,6,0,1,0,3,0,13,5,0,6,0,16,0,0,14,1,0,0,0,0,0,9,0,0,0,0,0,0,38,0,9,0,0,4,2,0,1,2,24,0,1,1,1,1,0,0,0,0,1,0,0,1,0,1,0,0,0,0,11,1,3,1,0,2,0,0,2,18,0,2,0,0,2,0,0,0,0,0,0,0,0,0,0,5,7,0,3,0,0,0,0,0,0,0,17,0,7,0,0,1,0,0,17,9,0,1,0,0,0,0,0,0,0,0,100,0,0,0,6,24,3,0,0,1,0,0,0,0,0,0,0,0,1,9,0,0,0,3,0,14,0,0,0,0,0,0,0,0,0,3,0,0,0
MNG,2,1,1,0,0,1,4,3,0,18,11,2,0,5,0,1,4,4,1,0,2,2,0,0,2,4,0,1,1,1,0,16,13,2,47,3,0,1,1,0,0,2,1,1,4,37,0,7,1,0,2,6,0,7,1,2,10,0,13,0,0,30,4,1,0,2,0,1,2,0,0,1,0,0,1,4,2,4,3,13,0,3,0,0,3,16,0,1,65,6,3,5,0,0,37,1,1,0,1,0,0,0,0,4,0,2,0,0,3,0,3,1,0,7,1,1,0,1,2,0,1,0,0,2,1,0,0,0,3,0,10,3,3,6,0,5,1,1,3,0,2,5,0,2,2,0,0,0,0,3,65,2,4,1,0,4,0,1,1,0,1,3,0,0,0,3,2,11,0,0,0,2,0,5,1,0,0,0,0,1,10,12,2,1,4,2,89,2,0,0,1,4,0,0,0,0,2,2,0,0
MOZ,3,1,0,0,0,6,11,0,0,34,14,0,1,21,10,7,16,2,2,0,2,0,0,0,3,60,0,2,0,2,0,26,31,12,13,7,12,8,15,0,0,2,4,4,6,26,0,15,1,7,5,11,0,62,4,13,12,3,32,2,7,58,2,15,0,2,1,9,9,0,1,3,0,0,1,7,1,6,10,32,12,6,4,4,8,17,2,4,6,2,36,3,3,0,7,0,3,2,4,1,1,0,0,4,1,6,4,3,5,0,0,4,0,9,2,9,4,4,0,1,0,0,0,18,10,2,2,2,21,0,24,16,1,8,3,20,4,15,9,0,1,9,0,43,4,0,1,5,0,7,7,6,8,7,4,8,0,0,0,1,0,7,0,0,0,7,4,51,3,3,2,0,3,9,0,0,0,0,0,6,9,4,22,23,4,1,119,0,0,0,5,8,0,0,0,2,70,14,0,11
MRT,0,0,0,0,0,0,0,0,0,0,0,0,0,0,1,3,0,0,0,0,0,0,0,0,0,0,0,0,0,0,0,0,1,0,0,2,1,1,0,0,0,0,0,0,0,1,0,1,0,1,0,1,0,0,0,0,0,0,22,0,0,2,0,0,0,2,0,0,0,0,0,0,0,0,0,0,0,0,0,0,0,1,1,0,0,2,0,0,1,0,1,1,0,0,0,0,0,0,1,0,0,0,0,0,0,0,0,0,7,0,0,0,0,0,0,4,0,0,0,0,0,0,0,0,0,0,1,1,0,0,0,0,0,0,0,0,0,1,0,0,0,0,0,2,0,0,0,0,0,0,0,0,1,1,11,0,0,0,0,0,0,0,0,0,0,0,0,0,0,0,0,0,1,0,1,0,0,0,0,8,0,0,0,0,0,0,1,0,0,0,0,0,0,0,0,1,0,0,0,0
MUS,0,0,0,0,0,1,1,0,0,7,2,0,0,1,0,0,0,0,0,0,0,0,0,0,0,6,0,0,0,2,0,7,3,0,14,0,2,0,0,1,0,1,0,0,1,11,0,0,0,1,0,3,0,6,0,0,1,1,17,0,1,20,0,1,0,1,0,0,1,0,0,0,0,0,0,0,0,1,0,19,2,3,1,0,1,6,0,0,4,0,4,0,0,0,4,0,0,0,0,0,0,0,0,0,0,0,0,0,1,0,0,1,0,1,0,1,0,0,0,0,0,0,0,1,9,0,0,1,3,0,6,0,1,3,3,1,0,0,0,0,0,0,0,5,0,0,0,0,1,0,2,0,16,1,1,0,0,0,0,0,0,0,0,0,0,0,1,3,0,2,0,0,0,13,0,0,0,0,1,1,4,2,1,2,0,0,19,0,0,0,0,1,0,0,0,0,21,0,0,0
MWI,1,1,0,0,0,5,9,0,0,39,8,0,1,12,9,9,11,1,4,0,0,1,1,0,0,24,0,3,0,7,0,40,40,6,30,9,10,11,11,0,0,4,0,0,0,30,0,16,1,4,2,9,1,12,3,26,25,0,34,4,2,206,1,23,0,1,0,16,7,1,0,3,0,0,0,2,9,1,14,35,17,5,5,4,5,25,1,4,9,1,52,1,5,0,7,1,0,2,5,0,2,1,0,6,1,2,9,0,4,0,0,3,0,7,0,10,2,4,0,2,18,0,1,0,7,10,4,2,25,0,33,17,3,9,5,12,5,21,7,0,2,6,0,8,2,0,0,5,0,4,8,14,11,9,3,9,0,1,2,1,1,6,0,0,1,4,0,17,1,0,0,0,4,17,0,0,0,0,0,5,7,6,34,40,5,5,251,0,0,0,2,14,0,0,1,2,118,38,2,36
MYS,4,2,2,0,1,114,156,215,0,1182,284,119,1,191,9,0,264,180,34,1,6,219,0,0,2,341,1,56,0,2,0,417,318,165,800,9,19,6,262,0,0,12,8,109,305,500,0,257,3,67,41,249,2,410,116,20,195,4,470,5,2,1276,223,31,0,0,2,2,306,0,2,2,0,0,1,114,0,276,373,834,171,871,374,19,205,426,4,64,800,11,21,3,25,0,389,1,39,5,22,0,33,1,1,146,1,130,9,39,137,2,0,11,1,144,3,1,7,20,0,1,10,0,9,7,0,2,5,2,310,0,313,228,18,262,58,664,14,29,132,0,6,320,0,296,2,14,1,158,0,195,304,8,745,48,1,356,4,1,1,1,0,280,0,0,1,139,129,281,0,3,5,0,4,365,0,0,0,0,5,25,359,432,22,22,129,13,1157,25,0,0,9,116,0,0,0,79,238,10,1,12
NAM,0,3,0,0,0,0,0,3,0,23,7,0,1,8,0,0,0,0,0,0,0,0,0,0,0,5,0,0,0,8,0,9,8,2,6,2,3,2,1,0,0,0,0,0,2,43,0,8,0,0,0,3,0,6,1,8,3,0,14,0,0,43,2,4,0,1,0,3,2,1,0,0,0,0,0,0,0,2,1,10,4,0,0,3,1,10,0,0,5,0,9,0,0,0,0,0,0,0,2,1,0,0,0,1,0,0,0,0,0,0,0,0,0,1,0,0,0,0,0,0,2,0,0,10,2,0,0,0,5,0,13,10,0,6,2,1,0,2,2,0,0,6,0,3,0,0,0,1,0,2,4,3,0,2,1,2,0,0,0,0,0,0,0,0,0,0,2,20,1,0,0,0,0,3,0,0,0,0,0,1,3,1,6,12,0,0,63,0,0,0,0,0,0,0,0,2,88,7,0,4
NCL,1,2,0,0,0,5,4,0,0,51,6,0,0,7,6,0,5,0,5,0,0,0,0,0,0,6,1,0,0,0,0,10,9,4,7,6,7,3,6,0,0,5,0,0,1,22,0,7,0,5,1,5,0,17,4,5,5,3,126,5,0,24,1,5,0,0,3,1,5,0,0,0,2,0,0,0,0,0,9,6,5,5,4,5,14,18,0,5,12,1,5,1,0,0,5,0,0,1,5,0,1,1,0,5,0,0,5,0,5,1,0,1,0,9,0,0,0,3,0,0,2,1,0,4,5,0,0,0,5,0,6,6,1,15,2,6,6,6,7,0,3,6,0,8,0,0,23,5,2,2,5,5,9,0,0,7,4,0,0,0,0,5,0,0,0,5,0,8,0,1,0,0,3,1,0,0,0,0,0,4,6,9,5,4,4,4,52,0,0,0,1,6,8,0,2,0,7,5,1,2
NER,2,1,0,0,0,0,0,0,0,4,2,0,1,14,8,18,1,0,0,0,0,0,0,0,0,5,0,0,0,1,1,4,7,0,5,6,8,4,1,0,0,0,1,0,0,9,0,4,0,0,1,1,0,1,0,6,3,0,50,0,1,19,0,14,0,2,0,2,0,0,0,0,2,0,0,0,1,0,1,10,0,3,0,0,0,8,0,0,4,0,5,0,2,0,0,0,0,1,0,0,0,0,0,0,0,0,0,0,5,0,0,1,0,0,0,14,0,1,0,0,2,1,1,2,2,0,0,0,29,0,3,2,1,0,0,1,0,2,1,0,1,0,0,1,0,0,0,0,0,0,1,1,2,2,17,1,2,1,0,0,2,0,0,0,0,0,0,3,0,0,0,3,4,1,0,0,0,0,0,9,0,0,6,4,0,0,37,0,0,0,0,1,0,0,0,0,12,2,0,1
NGA,5,5,2,0,0,10,26,0,0,143,35,0,3,45,31,21,22,9,7,0,8,2,1,0,4,109,2,4,0,13,1,107,90,25,161,26,50,32,35,0,0,7,7,2,14,138,0,34,3,12,9,53,0,51,11,47,28,3,83,6,5,498,5,110,0,6,1,19,18,3,2,6,1,0,1,16,2,12,30,172,28,49,27,10,23,92,9,19,78,3,76,3,6,0,32,0,10,3,25,7,3,1,0,14,0,6,12,3,12,0,2,8,0,48,0,22,5,12,0,3,21,0,3,25,310,5,5,29,0,0,86,38,11,39,10,51,10,34,27,0,4,29,0,36,6,1,0,14,0,19,20,16,64,14,20,17,1,10,1,1,2,18,0,0,1,13,8,72,1,3,0,4,15,35,1,0,0,0,4,19,52,18,47,77,7,7,518,1,0,0,12,30,1,0,1,13,460,18,3,9
NIC,0,0,0,0,0,0,8,0,0,4,1,0,0,4,0,0,0,0,0,0,0,0,1,0,3,13,0,0,1,0,0,2,2,4,3,1,1,0,7,0,0,22,5,0,0,7,0,0,4,0,7,0,0,17,0,1,1,0,1,0,0,12,0,0,0,0,0,0,0,0,0,11,0,0,6,0,0,0,1,1,0,0,0,1,0,3,1,0,1,1,2,0,0,0,0,0,0,0,0,0,0,0,0,1,0,0,0,0,1,0,0,1,0,15,0,0,0,0,0,0,0,0,0,0,0,0,0,0,0,0,5,0,0,2,0,1,10,6,1,0,0,0,0,1,3,0,0,0,0,0,0,0,0,0,0,1,0,0,11,0,0,0,0,0,0,0,0,12,0,0,0,0,0,2,0,0,0,0,1,0,1,1,0,1,1,3,57,0,0,0,4,4,0,0,0,0,2,0,0,0
NLD,5,6,11,2,23,92,358,168,1,2769,1369,124,4,3477,34,24,70,203,13,1,27,152,2,3,20,1148,7,7,4,10,2,2443,2697,462,2276,22,35,19,377,0,1,45,49,116,719,7266,0,1907,4,29,69,133,2,3081,180,107,1112,4,4031,5,24,7955,140,103,0,9,5,22,919,4,8,8,7,5,4,204,2,561,255,683,709,330,23,147,646,4013,9,27,1208,14,164,6,21,4,471,0,21,11,46,1,2,1,5,31,1,110,131,68,165,11,11,7,1,341,31,19,48,11,5,10,24,0,6,33,313,13,6,3,86,5,0,1429,50,399,32,181,42,111,85,0,6,1213,1,962,9,8,0,90,2,466,920,39,283,15,10,385,2,6,3,1,1,284,0,0,36,321,367,2338,4,12,3,0,6,249,0,0,0,0,5,36,648,371,87,111,181,31,9002,2,0,0,33,170,0,0,1,4,1087,35,3,35
NOR,2,3,9,0,0,26,198,166,0,890,584,125,1,573,10,7,33,130,7,0,19,143,0,3,3,417,0,5,1,4,1,1008,873,257,820,9,18,14,196,0,1,14,52,39,416,1998,0,1506,1,22,17,61,0,1192,128,76,822,3,1387,5,0,2694,137,34,1,2,3,3,482,0,21,6,0,0,0,140,0,325,47,298,274,90,9,201,286,1285,5,21,489,14,40,6,1,0,180,3,9,1,31,0,3,1,0,15,0,81,60,51,136,8,5,6,0,117,20,4,26,10,7,3,16,0,0,17,228,10,6,2,38,0,1429,0,36,163,10,116,14,71,25,0,3,639,0,405,5,9,2,38,0,294,553,9,106,11,7,107,0,5,0,1,0,222,0,0,2,240,224,2107,2,4,2,0,4,104,0,0,0,0,1,21,296,207,86,43,94,12,2996,0,0,0,16,44,0,0,0,0,477,18,1,17
NPL,3,0,0,0,2,6,5,0,0,89,8,0,0,22,3,4,35,1,2,0,3,0,0,0,4,16,0,0,5,0,1,26,39,3,93,5,4,7,9,0,0,2,4,1,4,48,0,18,1,10,4,8,0,9,3,12,14,1,25,1,1,106,1,4,0,1,1,1,4,0,2,0,1,0,1,1,0,3,26,163,5,7,1,2,4,21,2,4,64,1,13,2,9,0,34,1,4,1,4,1,1,1,0,9,0,3,3,2,3,0,1,1,1,9,1,3,1,5,0,3,1,0,1,3,18,0,1,1,11,0,50,36,0,13,1,26,4,10,15,0,3,7,0,9,0,0,0,6,0,2,6,4,11,6,3,17,2,2,0,0,1,3,0,0,0,4,2,28,0,2,0,0,1,34,1,0,0,0,0,4,6,12,6,14,1,2,193,2,0,0,5,13,0,0,0,1,23,6,2,4
NZL,3,4,1,0,0,31,81,99,1,2067,229,1,1,312,9,5,29,113,15,0,7,103,0,1,3,273,0,8,2,3,0,760,384,117,821,10,21,8,153,0,0,17,5,106,170,824,0,221,2,8,37,154,0,383,133,21,243,21,574,5,1,1771,106,27,0,5,1,9,158,0,3,7,1,1,1,119,1,136,67,289,236,210,15,37,95,451,6,12,308,6,35,3,6,2,274,0,8,6,23,0,2,1,0,131,0,118,17,37,18,3,2,9,0,199,4,2,8,10,3,6,8,0,3,9,262,6,15,0,39,2,399,163,13,0,29,170,20,27,33,0,15,189,0,201,3,1,0,126,1,34,193,10,150,6,6,198,1,0,3,2,0,125,0,0,1,36,17,326,0,6,3,0,5,194,0,0,0,0,2,18,165,163,29,17,114,22,2268,7,0,0,8,58,2,0,3,1,237,11,1,3
OMN,1,1,1,0,0,59,9,1,0,47,21,1,0,15,6,0,13,5,30,0,1,1,0,0,0,39,0,4,0,0,0,57,22,6,56,3,7,1,8,0,0,2,0,3,7,70,0,18,1,14,0,61,2,38,4,10,12,0,28,2,0,123,6,8,0,0,0,1,18,0,0,3,0,0,0,6,1,6,6,146,10,39,25,4,6,37,0,33,23,0,9,1,2,1,37,0,27,0,13,0,3,1,0,7,0,5,3,1,7,0,0,0,0,8,0,0,4,1,0,0,3,0,3,5,58,2,2,0,10,0,32,10,1,29,0,82,2,8,10,0,1,7,0,20,1,1,0,38,0,11,17,3,119,7,0,13,0,0,0,1,0,6,0,0,0,3,3,33,0,0,1,0,2,25,0,0,0,0,0,14,28,9,5,6,9,3,126,0,0,0,1,7,0,0,0,4,27,7,1,2
PAK,13,2,3,0,0,95,41,136,1,307,224,9,1,167,16,2,90,121,15,0,5,100,1,0,1,295,1,5,3,2,1,295,244,36,1410,9,17,11,138,0,0,9,44,114,175,501,0,101,3,42,31,238,0,253,114,27,206,4,394,5,2,812,115,17,0,1,0,9,178,1,2,8,0,0,1,187,2,177,40,428,154,234,23,11,49,351,5,28,188,24,39,9,3,0,564,1,23,3,24,0,4,1,1,121,0,116,15,32,30,0,2,2,1,198,5,7,5,9,0,5,20,0,1,12,664,1,6,1,51,1,181,116,26,170,82,0,11,66,35,0,3,185,0,136,4,2,0,165,0,107,234,7,1339,18,0,64,0,3,0,1,1,133,0,0,1,64,7,226,0,4,4,0,4,214,14,0,0,0,1,31,399,154,21,14,149,7,1041,12,0,0,13,27,0,0,1,6,153,13,1,15
PAN,1,2,0,0,0,6,32,0,0,44,17,0,0,13,6,0,7,1,6,0,3,1,2,0,6,51,0,0,1,0,0,44,26,22,32,8,11,7,58,0,0,30,10,2,11,80,0,20,7,8,20,9,0,43,7,5,12,2,31,5,1,73,1,10,0,0,0,2,13,1,2,10,1,0,5,3,0,5,12,29,10,10,4,7,12,23,4,8,19,2,13,1,0,1,11,1,4,1,10,0,1,1,0,9,0,5,8,3,8,0,0,3,0,39,1,0,2,7,0,1,4,0,0,5,14,0,6,0,10,10,42,14,4,20,2,11,0,21,11,0,3,12,0,14,5,0,0,5,0,7,13,5,8,1,1,17,0,0,11,0,0,10,0,0,2,10,2,23,0,3,0,0,3,12,0,0,0,0,1,8,11,13,10,10,7,15,303,0,0,0,15,13,0,0,1,0,16,5,1,2
PER,3,3,1,0,0,11,113,40,0,93,59,0,0,66,11,6,20,14,7,1,4,3,1,0,35,311,0,4,1,1,1,92,127,160,107,10,18,9,120,0,0,25,61,4,61,140,0,68,9,11,67,20,0,247,17,17,62,2,181,5,2,227,7,16,0,1,0,6,64,1,2,12,7,4,10,48,11,53,36,115,24,19,11,9,20,116,5,11,93,2,31,4,4,0,73,1,4,3,20,0,2,1,0,9,0,11,10,9,11,0,1,7,0,156,3,2,4,10,0,1,15,1,0,21,29,2,6,2,34,6,111,71,10,27,8,66,21,0,25,0,7,67,0,42,14,0,1,9,0,62,71,8,24,6,4,25,1,1,7,1,1,19,0,0,1,53,5,84,0,4,2,0,5,80,0,0,0,0,2,16,77,18,21,27,48,26,637,0,0,0,35,19,0,0,0,0,101,10,2,11
PHL,4,3,1,0,0,19,33,0,0,197,34,0,1,46,15,4,44,3,8,0,5,1,0,0,4,60,0,6,0,0,1,65,78,26,221,13,14,9,56,0,0,10,4,5,12,123,0,39,1,10,9,32,0,51,14,17,24,4,90,5,3,144,7,14,0,0,0,3,22,0,2,6,1,0,4,7,1,14,91,143,28,25,5,10,21,71,4,21,249,3,26,5,17,0,151,1,8,8,19,2,1,1,0,22,0,7,10,7,9,0,1,3,0,35,2,1,3,17,0,3,9,0,0,7,132,2,7,1,27,1,85,25,15,33,10,35,11,25,0,0,6,44,0,23,8,1,0,13,1,23,50,8,27,5,4,111,4,0,3,0,1,15,0,0,0,14,6,36,0,4,1,0,6,119,0,0,0,0,0,11,35,145,17,15,27,7,441,0,0,0,11,84,1,0,1,0,50,9,1,6
PLW,0,0,0,0,0,0,0,0,0,5,0,0,0,0,0,0,0,0,0,0,0,0,0,0,0,0,0,0,0,0,0,2,0,0,0,0,0,0,0,0,0,0,0,0,0,0,0,0,0,0,0,0,0,0,0,0,0,0,1,0,0,0,0,0,0,0,0,0,0,0,0,0,0,0,0,0,0,0,0,0,0,0,0,0,1,0,0,0,3,0,0,0,0,0,1,0,0,0,0,0,0,0,0,0,0,0,0,0,0,0,0,0,0,0,0,0,0,0,0,0,0,0,0,0,0,0,0,0,0,0,0,0,0,0,0,0,0,0,0,0,0,0,0,0,0,0,0,0,0,0,0,0,0,0,0,0,0,0,0,0,0,0,0,0,0,0,0,0,0,0,0,0,0,0,0,0,0,0,0,0,0,0,0,0,0,0,5,0,0,0,0,0,0,0,0,0,0,0,0,0
PNG,1,2,1,0,0,3,3,1,0,104,6,0,0,8,2,2,5,1,3,0,1,1,1,0,1,13,0,2,0,2,1,6,17,3,14,3,5,4,8,0,0,5,1,0,6,15,0,6,1,2,1,3,0,21,5,4,3,1,16,2,1,43,3,6,0,1,0,3,3,0,0,2,1,0,1,2,0,0,12,10,4,4,3,2,2,11,0,2,10,2,7,1,4,0,4,1,1,1,3,0,0,0,0,4,0,2,2,1,2,0,1,3,0,5,1,2,0,5,0,2,1,0,0,2,6,0,3,1,4,0,6,3,3,15,1,3,3,7,6,0,0,3,0,7,0,0,0,2,0,4,4,3,8,1,1,6,5,1,0,0,1,3,0,0,0,3,0,9,0,1,0,0,2,8,0,0,0,0,0,4,3,3,4,6,3,2,52,1,0,0,1,6,3,0,0,0,5,3,1,1
POL,1,2,13,0,0,40,241,272,0,738,789,131,0,831,9,3,24,355,6,0,27,315,0,1,2,675,1,1,1,2,1,919,1192,280,974,8,12,6,356,0,0,14,49,147,1087,2898,0,710,1,31,48,204,0,1637,245,8,666,2,2010,5,1,2430,247,13,0,0,0,1,692,6,3,2,1,0,4,315,0,604,35,565,423,303,20,79,411,1914,4,14,782,46,19,4,1,1,451,3,15,0,30,0,1,1,4,107,1,266,50,132,152,8,13,1,0,294,35,0,24,9,17,5,9,0,0,6,320,6,6,0,29,0,1213,639,7,189,7,185,12,67,44,0,3,0,1,630,7,7,0,133,0,555,1180,5,237,6,3,147,0,1,0,1,0,359,0,0,3,493,324,973,0,4,6,0,4,211,3,0,0,0,1,41,524,440,10,16,761,15,3065,10,1,0,22,111,0,0,0,0,414,8,1,12
PRK,0,0,0,0,0,0,0,0,0,1,0,0,0,0,0,0,0,0,0,0,0,1,0,0,0,0,0,0,0,0,0,0,0,0,59,0,0,0,0,0,0,0,0,0,0,6,0,0,0,0,0,0,0,0,0,0,1,0,0,0,0,2,0,0,0,0,0,0,0,0,0,0,0,0,0,0,0,0,0,0,0,0,0,0,0,2,0,0,0,0,0,0,0,0,2,0,0,0,0,0,0,0,0,0,0,0,0,0,0,0,0,0,0,0,0,0,0,0,0,0,0,0,0,0,0,0,0,0,0,0,1,0,0,0,0,0,0,0,0,0,0,1,0,0,0,0,0,0,0,0,1,0,0,0,0,0,0,0,0,0,0,0,0,0,0,0,0,0,0,0,0,0,0,0,0,0,0,0,0,0,0,0,0,0,0,0,2,0,0,0,0,0,0,0,0,0,1,0,0,0
PRT,2,34,7,1,0,42,262,228,0,604,551,132,0,754,13,6,13,251,5,1,18,249,1,0,5,1734,2,4,1,1,0,592,799,294,708,11,22,7,345,0,14,14,19,137,462,1676,0,545,2,50,79,166,2,2772,157,11,393,10,1583,5,2,2214,253,17,0,5,1,3,529,3,2,5,2,0,3,196,0,380,42,391,304,223,18,54,287,1507,6,19,370,8,37,5,2,14,230,0,8,0,30,1,5,1,0,104,0,190,52,73,178,4,6,5,1,290,27,2,32,7,7,2,43,2,5,8,296,3,8,1,36,1,962,405,9,201,20,136,14,42,23,0,7,630,0,0,12,6,3,128,0,322,521,7,200,4,3,81,0,1,4,1,0,319,0,0,2,204,257,562,1,4,5,0,5,168,1,0,0,0,5,89,419,279,19,17,160,23,2169,9,0,0,25,27,3,0,1,0,308,8,1,6
PRY,1,1,1,0,0,3,26,0,0,10,9,0,0,6,2,3,5,4,0,0,2,2,1,0,10,48,0,2,0,1,0,7,14,20,11,2,2,2,19,0,0,5,4,2,5,17,0,3,7,2,13,5,0,32,2,2,7,0,14,0,0,18,3,3,0,0,0,2,9,1,0,9,0,0,4,5,0,3,3,11,5,7,1,0,4,18,1,1,10,1,2,3,1,0,13,0,0,0,1,0,1,0,0,2,0,3,0,3,3,0,1,2,0,31,2,0,1,0,0,2,4,0,0,2,2,0,0,0,6,3,9,5,0,3,1,4,5,14,8,0,0,7,0,12,0,0,0,1,0,5,5,2,4,2,0,4,0,1,5,1,0,4,0,0,1,2,4,4,0,0,2,0,1,4,0,0,0,0,2,3,6,1,3,2,6,17,52,0,0,0,13,5,0,0,1,0,8,2,0,0
PSE,0,0,0,0,0,1,6,6,0,7,7,6,0,0,0,0,0,6,1,0,0,6,0,0,0,6,0,0,0,0,0,7,7,6,9,0,0,0,7,0,0,0,0,1,7,8,0,7,0,7,0,4,0,13,0,1,3,0,8,0,0,13,6,1,0,0,0,0,6,0,0,0,0,0,0,0,0,6,0,1,0,3,0,0,13,7,0,8,9,0,0,0,0,0,0,0,0,0,1,0,0,0,0,1,0,0,0,0,15,0,0,0,0,1,1,0,0,0,0,0,0,0,0,0,14,0,0,0,1,0,8,9,0,1,1,2,0,0,1,0,0,7,0,6,0,0,0,1,0,6,7,0,8,2,0,0,0,0,0,0,0,6,0,0,0,7,6,7,0,0,0,0,0,1,0,0,0,0,0,1,17,6,0,0,1,0,13,0,0,0,0,1,0,0,0,0,10,0,0,0
PYF,0,0,1,0,0,0,0,0,0,25,1,0,0,7,0,0,0,1,0,0,0,0,0,0,0,2,1,0,0,0,0,8,1,2,1,0,1,0,3,0,0,0,0,0,1,2,0,1,0,0,0,1,0,8,0,0,1,4,78,0,0,15,0,0,0,0,0,0,2,0,0,0,1,0,0,1,0,0,0,0,0,0,0,0,0,1,0,0,4,0,0,0,0,0,5,0,0,0,0,0,0,0,0,0,0,0,0,0,0,2,0,1,0,1,0,0,0,0,1,0,1,0,0,0,1,0,23,0,0,0,0,2,0,0,0,0,0,1,0,0,0,0,0,3,0,0,0,0,3,1,1,0,3,0,2,10,0,0,0,0,0,0,0,0,0,0,0,3,0,0,0,0,0,4,0,0,0,0,0,0,1,0,0,0,0,0,41,0,0,0,0,0,0,0,0,0,2,0,0,0
QAT,5,2,1,0,2,113,17,96,0,198,133,1,0,170,7,2,9,105,30,0,1,98,0,0,0,147,1,3,0,1,0,188,179,30,357,8,6,3,107,0,0,6,1,100,117,268,0,65,1,18,27,266,0,192,107,9,156,0,271,5,0,556,98,9,0,0,5,2,173,1,0,0,0,0,0,104,0,113,7,190,123,154,14,9,27,262,1,50,65,2,8,1,0,0,188,0,41,0,61,0,3,1,0,102,0,98,9,28,20,4,0,1,0,112,0,1,1,3,0,0,5,0,0,5,158,1,5,0,14,0,90,38,6,126,38,165,5,9,13,0,2,133,0,128,1,1,0,0,0,9,126,5,285,11,0,39,0,1,0,0,0,140,0,0,0,24,12,69,0,1,5,0,3,108,4,0,0,0,1,71,167,119,12,8,106,6,870,7,0,0,2,10,0,0,0,5,54,7,1,3
REU,0,0,0,0,0,0,1,0,0,2,0,0,0,2,0,0,0,0,0,0,0,0,0,0,0,1,0,0,0,0,0,4,0,1,0,0,0,0,1,3,0,0,0,0,0,6,0,0,0,2,0,0,0,4,0,0,0,0,65,0,0,6,0,0,0,0,1,0,0,0,0,0,0,0,0,0,0,0,0,1,0,0,0,1,1,3,0,0,0,0,2,0,1,0,0,0,0,0,1,0,0,0,0,0,0,0,1,0,0,0,0,7,0,0,0,0,0,0,0,0,0,0,1,0,0,0,2,0,0,0,2,0,0,1,0,0,0,0,1,0,0,0,0,0,0,0,3,0,0,0,0,0,0,0,1,1,0,0,0,0,0,0,0,0,0,0,0,2,0,0,0,0,0,3,0,0,0,0,0,2,0,0,0,0,0,0,15,0,0,0,0,0,1,0,0,0,10,0,0,0
ROU,0,2,10,0,0,16,171,166,0,275,358,122,1,263,6,4,11,188,5,0,27,134,1,0,2,328,0,4,0,1,0,279,458,177,459,10,22,6,208,0,0,4,43,44,313,924,0,320,2,25,16,42,0,654,58,6,175,2,1033,2,2,726,131,10,0,0,1,3,368,4,1,4,1,0,1,147,0,449,27,190,153,120,33,31,204,911,3,13,291,10,12,3,1,4,94,3,3,1,25,0,1,0,0,7,0,58,17,42,145,1,48,1,0,108,31,1,17,4,17,3,7,0,0,4,195,2,2,0,19,0,466,294,2,34,11,107,7,62,23,0,4,555,0,322,5,6,1,9,0,0,423,3,111,4,1,36,0,1,0,1,0,227,0,0,2,229,230,346,0,2,2,0,3,66,0,0,0,0,1,21,440,172,8,11,155,5,916,2,0,0,11,70,0,2,1,0,226,3,0,2
RUS,3,4,10,0,0,35,219,395,0,690,686,184,0,620,8,3,19,325,9,0,17,524,2,0,5,723,0,6,1,2,1,838,996,295,1583,8,16,7,342,0,1,14,47,128,813,3637,0,514,2,29,49,217,0,1334,246,15,896,2,2266,5,3,2120,272,16,0,4,1,2,524,3,4,3,2,0,3,239,1,521,33,693,369,199,28,74,503,1588,4,28,1115,272,20,43,0,1,660,1,11,3,31,0,2,1,0,106,0,202,33,115,154,3,55,2,0,370,21,0,9,7,9,65,7,0,2,8,304,4,5,1,20,0,920,553,6,193,17,234,13,71,50,0,4,1180,1,521,5,7,1,126,0,423,0,5,271,4,5,149,0,1,0,0,0,342,0,0,3,372,241,849,0,3,5,0,4,205,16,0,0,0,1,24,534,521,20,16,972,12,3973,69,2,0,19,167,0,0,1,0,430,8,2,3
RWA,4,3,0,0,0,5,4,0,0,22,12,0,5,24,7,3,11,0,5,0,0,0,0,0,0,13,0,1,2,2,2,32,34,6,27,9,9,18,12,0,0,6,1,0,1,30,0,10,1,5,0,8,0,9,4,16,7,1,21,5,3,46,1,8,0,2,0,3,6,0,0,2,1,0,0,1,1,1,11,17,7,6,5,5,9,11,0,5,7,2,32,2,3,0,6,0,1,2,5,1,2,1,0,8,0,1,8,0,5,0,1,3,0,8,0,3,2,6,0,2,6,0,0,14,8,3,5,1,16,0,39,9,4,10,3,7,5,8,8,0,3,5,0,7,2,0,0,5,0,3,5,0,7,6,2,6,1,4,2,1,1,6,0,0,0,5,0,20,1,0,0,0,4,6,0,0,0,0,0,5,7,5,17,35,4,4,162,0,0,0,1,10,0,0,0,2,36,18,1,6
SAU,3,3,4,0,0,233,45,79,0,659,236,15,0,234,12,2,104,101,58,0,6,97,2,1,4,244,1,11,1,3,0,765,313,75,1542,7,19,6,129,0,0,14,14,108,170,882,0,114,2,171,19,3280,0,600,110,27,195,2,682,5,2,1191,85,25,0,0,0,5,290,0,2,2,1,0,1,112,1,121,53,1476,171,308,74,20,82,598,6,253,440,11,23,3,5,0,603,2,95,0,82,0,19,2,1,96,0,95,15,19,95,6,2,2,0,151,1,1,9,6,1,4,8,1,16,11,745,0,9,2,64,0,283,106,11,150,119,1339,8,24,27,0,8,237,0,200,4,8,3,285,0,111,271,7,0,111,5,194,0,1,1,1,0,131,0,0,0,33,53,194,0,2,10,0,6,220,4,0,0,0,3,468,585,288,17,14,119,9,2745,6,0,0,16,41,0,0,0,63,209,9,2,5
SDN,2,1,1,0,0,15,7,0,0,18,6,0,2,14,5,6,7,3,6,0,1,1,0,0,1,13,0,3,0,2,0,17,25,5,99,2,6,9,8,0,0,2,1,0,2,44,0,9,2,2,3,44,1,8,1,18,4,0,22,0,2,48,1,12,0,6,0,1,5,0,0,2,0,0,1,4,1,3,10,22,8,9,7,0,1,13,1,7,15,0,19,1,4,0,13,1,6,1,5,1,3,0,0,4,0,3,0,1,6,0,0,2,0,5,1,5,2,1,0,1,7,1,1,9,48,2,0,2,14,0,15,11,6,6,7,18,1,6,5,0,1,6,0,4,2,2,0,11,0,4,4,6,111,0,6,2,0,2,0,1,1,4,0,0,0,1,1,16,0,0,0,0,0,8,1,0,0,0,1,14,15,6,15,13,0,1,52,0,0,0,3,7,0,0,0,10,51,5,1,2
SEN,2,0,1,0,0,3,1,0,0,17,9,0,1,25,20,48,8,1,0,0,1,0,0,0,0,10,0,0,0,0,3,24,33,2,7,21,25,13,3,1,0,0,0,0,4,39,0,17,0,7,0,4,0,21,1,15,4,0,221,0,7,65,0,23,0,12,4,11,4,0,0,0,3,0,0,0,1,2,2,13,1,5,0,0,6,24,1,0,5,0,22,0,5,0,8,1,1,3,0,3,0,0,0,0,0,0,4,0,12,0,0,10,0,1,0,23,0,2,0,0,4,11,1,3,1,1,0,17,20,0,10,7,3,6,0,0,1,4,4,0,1,3,0,3,0,0,2,0,1,1,5,2,5,6,0,1,1,2,0,0,1,0,0,0,0,4,1,10,1,0,0,8,10,5,0,0,0,0,0,9,4,1,17,8,0,0,115,0,0,0,0,7,0,0,0,0,37,7,0,3
SGP,2,2,3,0,0,54,43,6,0,1196,120,0,0,188,7,3,37,13,8,0,6,11,0,0,4,138,1,26,2,5,0,525,297,43,3862,9,13,6,54,0,0,10,5,14,106,697,0,209,2,11,7,41,0,271,30,11,144,3,520,5,1,1502,12,12,0,2,0,2,100,1,2,6,2,0,2,29,1,53,118,555,126,96,6,45,162,388,6,16,627,15,26,5,34,0,494,1,15,9,22,0,1,1,1,30,0,15,20,15,12,1,0,1,0,76,4,1,4,17,0,4,8,0,0,9,356,2,7,1,17,1,385,107,17,198,13,64,17,25,111,0,6,147,0,81,4,0,10,39,1,36,149,6,194,2,1,0,0,2,1,0,1,25,0,0,0,21,22,276,0,4,2,0,3,221,0,0,0,0,2,14,126,334,12,14,16,15,2981,1,2,0,13,83,1,0,0,0,99,10,1,4
SLB,1,0,0,0,0,0,0,0,0,29,1,0,0,1,0,1,2,0,0,0,0,0,0,0,0,2,0,0,1,0,1,2,4,0,1,1,1,1,1,0,0,0,0,0,0,1,0,0,0,0,0,0,0,1,0,1,0,5,5,1,1,11,0,0,0,0,0,0,0,0,0,0,1,0,0,0,0,0,3,0,0,1,0,0,1,0,0,0,1,0,0,0,2,0,0,0,0,1,0,1,0,0,0,0,0,0,0,0,0,0,0,1,0,1,0,1,0,1,0,0,0,0,0,0,4,0,4,2,1,0,2,0,2,1,0,0,0,1,4,0,5,0,0,0,0,0,0,0,0,0,0,1,0,0,1,0,0,0,0,0,1,0,0,0,0,0,0,1,0,0,0,0,1,2,0,0,0,0,0,0,0,2,1,1,0,0,19,0,0,0,0,1,3,0,1,0,2,1,0,0
SLE,1,0,1,0,0,1,1,0,0,9,1,0,1,9,1,2,0,1,0,0,1,1,0,0,0,2,0,1,0,2,0,12,19,1,24,2,3,2,1,0,0,0,0,0,2,12,0,0,0,0,2,1,0,7,1,1,3,0,7,0,1,51,1,2,0,5,0,1,1,0,0,0,0,0,0,1,2,1,1,4,5,0,0,0,1,7,0,1,5,0,4,0,0,0,1,0,0,0,1,4,0,0,0,0,0,0,1,1,1,0,0,0,0,1,0,1,0,0,0,1,0,0,0,1,1,0,0,1,10,0,6,5,2,0,0,3,0,1,0,0,1,1,0,1,1,0,0,1,0,1,1,4,1,2,2,2,0,0,0,0,2,1,0,0,0,0,1,7,1,0,0,0,1,1,0,0,0,0,1,1,1,1,2,5,0,0,68,0,0,0,1,1,1,0,0,0,7,1,0,3
SLV,1,1,0,0,0,1,12,0,0,6,0,0,0,1,0,0,2,0,0,0,0,0,1,0,4,12,1,0,1,0,0,2,1,8,4,2,1,0,14,0,0,14,7,0,1,4,0,0,5,1,6,1,0,13,0,1,1,0,3,0,0,9,0,1,0,0,0,1,0,0,0,12,0,0,8,0,0,0,4,2,0,1,0,0,0,9,1,0,1,1,2,1,1,0,1,0,0,0,1,0,0,0,0,0,0,0,1,0,3,0,1,2,0,13,0,0,0,0,0,1,0,0,0,2,1,0,0,0,1,11,3,0,0,3,0,0,11,7,3,0,0,0,0,4,5,0,0,0,0,0,0,2,1,0,0,1,0,0,0,0,0,0,0,0,0,1,0,3,0,0,0,0,0,2,0,0,0,0,2,1,2,0,1,0,2,3,43,0,0,0,7,4,0,0,0,0,2,1,0,0
SMR,0,0,0,0,0,0,1,0,0,2,1,0,0,0,1,0,1,0,0,0,0,0,0,0,0,1,0,1,0,0,0,1,2,1,1,0,1,0,1,0,0,0,0,0,1,0,0,0,1,0,0,1,0,2,1,1,2,0,2,0,0,1,0,1,0,0,0,0,1,0,0,1,0,0,0,1,0,0,1,1,1,0,1,0,0,17,0,0,0,0,0,0,1,0,0,0,0,0,0,0,1,0,0,1,0,1,0,0,0,0,0,0,0,1,0,0,1,0,0,0,1,0,0,1,1,0,0,0,1,0,1,1,0,2,1,1,0,1,0,0,0,1,0,1,1,0,0,0,0,1,0,1,1,1,0,0,0,0,0,0,0,0,0,0,0,0,0,1,0,0,0,0,0,0,0,0,0,0,0,0,1,0,1,0,0,0,1,0,0,0,0,0,0,0,0,0,1,0,0,0
SOM,2,0,0,0,0,0,0,0,0,4,1,0,1,2,0,1,1,0,0,0,0,0,0,0,0,2,0,0,0,1,1,3,1,0,2,1,1,2,1,0,0,0,0,0,0,1,0,0,0,0,1,0,0,0,0,1,0,0,1,0,1,5,0,0,0,0,0,0,0,0,0,0,1,0,0,0,2,0,1,3,0,1,0,0,0,0,0,0,1,0,1,0,1,0,0,0,0,1,0,0,0,0,0,0,0,0,0,0,0,0,0,1,0,0,0,1,0,1,0,1,0,0,0,1,0,0,0,2,2,0,1,0,1,0,0,1,0,1,1,0,1,0,0,0,0,0,0,0,0,0,0,1,0,1,1,1,1,2,0,0,0,0,0,0,0,0,0,2,0,0,0,0,1,1,0,0,0,0,0,0,0,0,0,1,0,0,6,0,0,0,0,1,0,0,0,0,0,1,0,0
SRB,1,2,18,0,0,25,141,223,0,218,358,124,0,229,8,2,12,258,8,0,174,233,0,0,1,281,0,2,0,1,0,227,377,152,346,8,10,5,236,0,0,7,8,130,353,607,0,217,1,18,30,126,0,461,131,7,180,2,462,5,0,513,233,9,0,0,0,1,394,0,1,1,0,0,1,300,1,354,11,183,156,160,8,15,179,604,4,18,190,7,8,3,0,1,154,5,13,0,15,0,15,1,0,102,0,142,23,49,134,2,3,2,0,136,80,0,18,6,100,3,7,0,0,6,280,0,5,0,18,0,284,222,3,125,6,133,10,19,15,0,3,359,0,319,4,6,0,140,0,227,342,6,131,4,0,25,0,1,0,0,0,0,0,0,0,210,319,247,0,2,3,0,5,122,0,0,0,0,2,16,327,237,9,7,145,6,587,6,0,0,9,18,0,0,0,1,172,6,1,2
SSD,0,0,0,0,0,0,0,0,0,0,0,0,0,0,0,0,0,0,0,0,0,0,0,0,0,0,0,0,0,0,0,0,0,0,0,0,0,0,0,0,0,0,0,0,0,0,0,0,0,0,0,0,0,0,0,0,0,0,0,0,0,0,0,0,0,0,0,0,0,0,0,0,0,0,0,0,0,0,0,0,0,0,0,0,0,0,0,0,0,0,0,0,0,0,0,0,0,0,0,0,0,0,0,0,0,0,0,0,0,0,0,0,0,0,0,0,0,0,0,0,0,0,0,0,0,0,0,0,0,0,0,0,0,0,0,0,0,0,0,0,0,0,0,0,0,0,0,0,0,0,0,0,0,0,0,0,0,0,0,0,0,0,0,0,0,0,0,0,0,0,0,0,0,0,0,0,0,0,0,0,0,0,0,0,0,0,0,0,0,0,0,0,0,0,0,0,0,0,0,0
STP,0,0,0,0,0,0,0,0,0,0,0,0,0,0,0,0,0,0,0,0,0,0,0,0,0,0,0,0,0,0,0,0,0,0,0,0,0,0,0,0,0,0,0,0,0,0,0,0,0,0,0,0,0,0,0,0,0,0,0,0,0,0,0,0,0,0,0,0,0,0,0,0,0,0,0,0,0,0,0,0,0,0,0,0,0,0,0,0,0,0,0,0,0,0,0,0,0,0,0,0,0,0,0,0,0,0,0,0,0,0,0,0,0,0,0,0,0,0,0,0,0,0,0,0,0,0,0,0,0,0,0,0,0,0,0,0,0,0,0,0,0,0,0,0,0,0,0,0,0,0,0,0,0,0,0,0,0,0,0,0,0,0,0,0,0,0,0,0,0,0,0,0,0,0,0,0,0,0,0,0,0,0,0,0,0,0,0,0,0,0,0,0,0,0,0,0,0,0,0,0
SUR,0,0,0,0,1,0,3,0,0,3,0,0,0,2,0,0,0,0,0,1,0,0,1,0,1,9,0,0,0,0,0,2,3,2,3,0,1,1,2,0,1,1,0,0,1,2,0,1,0,0,3,0,0,2,1,0,3,0,9,0,1,7,0,0,0,0,0,1,1,1,0,1,4,0,0,0,0,0,2,2,0,0,0,1,0,5,0,0,1,0,1,0,0,0,1,0,0,1,0,0,0,0,0,0,0,0,0,1,0,0,0,1,0,1,0,0,0,0,0,0,0,0,0,1,1,0,0,0,1,0,36,2,0,1,0,1,2,1,0,0,0,3,0,2,1,0,0,0,0,2,3,0,0,0,0,0,0,0,0,0,0,0,0,0,0,0,2,1,0,0,0,0,0,0,0,0,0,0,1,0,0,0,2,3,1,2,5,0,0,0,2,0,0,0,1,0,2,0,0,0
SVK,2,2,6,0,0,11,149,166,0,202,390,120,0,127,6,3,9,133,7,0,16,137,0,0,1,222,0,0,0,1,0,229,314,150,259,8,10,5,140,0,0,7,44,20,986,580,0,247,1,19,7,27,0,377,46,10,135,2,408,5,3,434,130,9,0,0,0,1,250,0,2,0,0,0,1,106,0,334,26,98,62,42,5,18,167,400,3,13,279,13,14,4,1,0,85,2,7,0,18,0,1,1,1,9,0,47,18,28,128,3,3,0,0,78,20,0,10,6,6,3,7,0,0,4,139,0,5,0,13,0,321,240,4,36,3,64,10,53,14,0,3,493,0,204,2,7,0,24,0,229,372,5,33,1,4,21,0,0,1,0,0,210,0,0,0,0,218,262,0,3,4,0,3,61,0,0,0,0,0,16,235,164,7,8,163,6,481,1,0,0,15,20,0,0,0,0,206,5,1,3
SVN,0,0,16,0,0,10,162,124,0,267,386,120,0,224,2,2,6,126,0,0,55,131,0,0,1,202,0,2,0,2,0,229,342,150,280,3,3,2,142,0,1,2,4,29,329,625,0,255,0,12,6,18,0,449,53,0,111,2,460,0,0,562,129,4,0,2,1,1,251,0,1,1,0,0,2,300,0,233,5,94,94,37,1,28,197,609,5,6,235,7,4,3,0,0,70,5,5,0,17,0,1,0,0,1,0,54,24,24,127,1,4,0,0,33,47,2,18,2,24,2,4,0,1,0,129,2,0,0,8,0,367,224,2,17,3,7,2,5,6,0,0,324,0,257,4,6,0,12,0,230,241,0,53,1,1,22,0,1,0,0,0,319,0,0,2,218,0,329,0,2,3,0,0,20,1,0,0,0,1,14,215,155,5,4,44,3,607,0,0,0,10,9,1,0,0,0,167,1,0,4
SWE,4,5,11,0,0,75,255,168,0,1790,1043,124,2,1141,16,18,66,186,9,1,26,156,0,1,19,709,1,12,3,9,1,1617,1684,354,2095,14,20,15,250,0,1,18,50,80,683,4348,0,2324,3,27,36,120,0,2113,306,66,1855,4,2664,5,3,4841,144,66,0,13,0,3,692,1,14,5,1,0,1,179,4,550,70,595,434,311,37,301,490,2500,8,29,1028,24,120,9,11,3,407,1,18,9,32,4,5,1,2,47,0,160,77,98,161,3,7,8,1,218,18,6,25,11,3,11,51,0,3,17,281,20,8,3,72,12,2338,2107,28,326,33,226,23,84,36,0,9,973,0,562,4,7,3,69,2,346,849,20,194,16,10,276,1,7,3,1,2,247,0,0,1,262,329,0,4,5,5,1,4,186,3,0,0,0,5,25,453,297,87,88,191,28,6186,4,1,0,19,68,1,0,0,2,642,25,1,24
SWZ,0,0,0,0,0,0,0,1,0,1,0,0,0,3,0,1,0,0,0,0,0,0,0,0,0,3,0,0,0,2,0,2,4,0,2,1,1,0,0,0,0,0,0,0,0,3,0,0,0,0,0,0,0,1,0,7,2,0,8,0,0,12,1,0,0,1,0,0,0,0,0,0,0,0,0,0,0,0,0,2,2,0,0,0,1,1,1,0,1,0,7,0,0,0,2,0,0,0,0,1,0,0,0,0,0,0,3,0,0,0,0,0,0,1,0,0,0,0,0,0,3,0,0,1,0,1,0,0,1,0,4,2,0,0,0,0,0,0,0,0,0,0,0,1,0,0,0,0,0,0,0,1,0,0,1,0,0,1,0,0,0,0,0,0,0,0,0,4,0,0,0,0,1,1,0,0,0,0,1,0,0,2,4,3,0,0,30,1,0,0,0,0,0,0,0,0,30,0,0,1
SYC,0,0,0,0,0,0,3,0,0,11,4,0,0,3,2,0,2,0,0,0,3,0,0,0,0,5,0,0,0,0,0,5,16,3,5,3,4,0,3,0,0,0,3,2,3,8,0,4,0,3,3,3,0,8,4,0,5,2,17,0,0,21,1,7,0,1,0,0,4,0,2,0,0,0,0,2,0,3,2,4,5,5,0,3,3,7,9,3,3,0,4,0,0,0,4,0,4,0,3,1,0,0,0,0,0,3,3,2,2,0,0,0,0,5,0,0,2,3,0,0,3,0,2,0,3,0,1,0,3,0,12,4,2,6,0,4,3,4,4,0,1,4,0,4,0,0,0,1,0,2,3,0,2,0,0,4,0,0,0,0,0,2,0,0,0,3,2,5,0,0,0,0,1,3,0,0,0,0,0,3,4,4,3,4,0,0,19,0,0,0,4,3,0,0,0,0,14,0,0,0
SYR,2,0,1,0,0,7,2,0,0,9,4,0,0,5,1,2,3,3,1,0,1,0,0,0,0,4,1,0,0,1,0,14,4,3,6,0,1,2,2,0,0,0,0,4,7,30,0,3,0,5,0,17,0,9,1,1,3,0,26,0,0,33,3,0,0,0,0,0,3,0,0,0,0,0,0,3,0,2,0,10,4,9,10,0,6,9,0,12,6,1,2,2,0,0,3,0,1,0,16,0,2,0,0,0,0,2,0,2,4,0,0,0,0,4,3,0,1,0,1,0,2,0,0,0,5,0,0,0,0,0,3,2,0,3,1,4,0,2,1,0,0,6,0,5,2,0,0,5,0,2,5,0,10,0,0,2,0,0,0,0,0,3,0,0,0,4,3,5,0,0,0,0,0,1,0,0,0,0,0,5,9,0,0,0,2,0,37,0,0,0,3,2,0,0,0,5,3,0,0,0
TCD,0,0,0,0,0,0,0,0,0,1,0,0,1,2,2,5,0,0,0,0,0,0,0,0,0,0,0,0,0,0,0,1,9,0,0,6,8,4,0,0,1,0,0,0,0,3,0,0,0,0,0,1,0,1,0,5,0,0,12,0,3,7,0,5,0,3,0,1,0,0,0,0,0,0,0,0,0,0,1,0,0,0,0,0,0,1,0,0,0,0,1,2,0,0,0,0,0,0,0,1,0,0,0,0,0,0,0,0,1,0,0,0,0,0,0,5,0,0,0,2,0,0,0,0,0,0,0,3,4,0,0,0,0,0,0,0,0,0,0,0,0,0,0,0,0,0,0,0,0,0,0,0,0,0,8,0,0,0,0,0,0,0,0,0,0,0,0,1,0,0,0,0,3,0,0,0,0,0,0,1,0,0,0,1,0,0,6,0,0,0,0,0,0,0,0,0,3,0,0,0
TGO,2,2,0,0,0,3,3,0,0,7,5,0,1,5,15,21,4,0,3,0,0,0,0,0,0,7,0,0,0,0,1,6,12,3,10,16,10,11,5,0,1,3,0,0,0,15,0,5,0,3,1,3,0,4,3,5,3,0,47,3,3,12,2,10,0,0,0,2,3,0,0,1,1,0,0,0,1,0,4,11,3,5,2,3,3,9,0,3,5,0,5,1,1,0,3,0,0,1,4,2,0,0,0,3,0,0,4,0,7,0,0,3,0,4,0,6,0,3,0,0,3,1,0,4,4,0,3,4,15,0,6,4,1,5,2,4,3,5,6,0,2,4,0,5,1,0,0,3,0,3,4,4,6,0,10,3,1,1,0,0,1,5,0,0,0,3,0,4,1,1,0,3,0,1,0,0,0,0,0,4,4,4,5,6,3,3,23,0,0,0,0,6,0,0,0,0,10,4,0,2
THA,8,1,2,0,0,26,42,138,0,552,255,1,2,200,8,8,43,113,3,1,5,105,1,0,2,277,0,7,8,4,2,233,285,44,789,14,21,6,147,0,0,12,45,110,177,473,0,137,2,7,37,145,0,291,110,14,179,2,463,1,4,839,107,22,0,1,0,5,216,2,2,3,3,0,1,151,5,157,157,423,137,165,2,20,44,318,4,12,932,4,35,2,94,1,428,3,11,72,20,0,2,0,0,121,1,111,9,35,12,2,3,9,1,190,2,8,5,44,0,5,9,0,13,17,365,3,1,1,35,2,249,104,34,194,25,214,12,80,119,0,8,211,0,168,4,1,4,108,3,66,205,6,220,8,5,221,2,1,2,0,1,122,0,0,0,61,20,186,1,3,1,0,1,0,0,0,0,0,2,11,201,336,29,31,150,6,1681,7,0,0,15,180,0,0,0,0,179,14,2,10
TJK,2,0,0,0,0,0,1,0,0,1,1,0,0,0,0,0,0,0,0,0,0,0,0,0,0,0,0,0,1,0,0,1,1,0,8,0,0,0,0,0,0,0,0,0,0,6,0,1,0,1,0,2,0,0,0,1,0,0,2,0,0,2,0,0,0,0,0,0,0,0,0,0,0,0,0,0,0,1,0,3,0,2,1,0,0,3,0,0,1,3,2,4,0,0,0,0,0,0,1,0,0,0,0,0,0,0,0,0,1,0,1,0,0,0,0,0,0,0,0,1,0,1,0,0,0,0,0,0,1,0,0,0,1,0,0,14,0,0,0,0,0,3,0,1,0,0,0,4,0,0,16,0,4,1,0,0,0,0,0,0,0,0,0,0,0,0,1,3,0,0,0,0,0,0,0,0,0,0,0,0,2,0,0,0,0,0,18,4,0,0,0,0,0,0,0,2,2,0,0,0
TKM,0,0,0,0,0,0,0,0,0,0,0,0,0,0,0,0,0,0,0,0,0,0,0,0,0,0,0,0,0,0,0,0,0,0,0,0,0,0,0,0,0,0,0,0,0,0,0,0,0,0,0,0,0,0,0,0,0,0,0,0,0,0,0,0,0,0,0,0,0,0,0,0,0,0,0,0,0,0,0,0,0,0,0,0,0,0,0,0,0,0,0,0,0,0,0,0,0,0,0,0,0,0,0,0,0,0,0,0,0,0,0,0,0,0,0,0,0,0,0,0,0,0,0,0,0,0,0,0,0,0,0,0,0,0,0,0,0,0,0,0,0,0,0,0,0,0,0,0,0,0,0,0,0,0,0,0,0,0,0,0,0,0,0,0,0,0,0,0,0,0,0,0,0,0,0,0,0,0,0,0,0,0,0,0,0,0,0,0,0,0,0,0,0,0,0,0,0,0,0,0
TLS,0,0,0,0,0,0,0,0,0,0,0,0,0,0,0,0,0,0,0,0,0,0,0,0,0,0,0,0,0,0,0,0,0,0,0,0,0,0,0,0,0,0,0,0,0,0,0,0,0,0,0,0,0,0,0,0,0,0,0,0,0,0,0,0,0,0,0,0,0,0,0,0,0,0,0,0,0,0,0,0,0,0,0,0,0,0,0,0,0,0,0,0,0,0,0,0,0,0,0,0,0,0,0,0,0,0,0,0,0,0,0,0,0,0,0,0,0,0,0,0,0,0,0,0,0,0,0,0,0,0,0,0,0,0,0,0,0,0,0,0,0,0,0,0,0,0,0,0,0,0,0,0,0,0,0,0,0,0,0,0,0,0,0,0,0,0,0,0,0,0,0,0,0,0,0,0,0,0,0,0,0,0,0,0,0,0,0,0,0,0,0,0,0,0,0,0,0,0,0,0
TOA,0,0,0,0,0,0,0,0,0,0,0,0,0,0,0,0,0,0,0,0,0,0,0,0,0,0,0,0,0,0,0,0,0,0,0,0,0,0,0,0,0,0,0,0,0,0,0,0,0,0,0,0,0,0,0,0,0,0,0,0,0,0,0,0,0,0,0,0,0,0,0,0,0,0,0,0,0,0,0,0,0,0,0,0,0,0,0,0,0,0,0,0,0,0,0,0,0,0,0,0,0,0,0,0,0,0,0,0,0,0,0,0,0,0,0,0,0,0,0,0,0,0,0,0,0,0,0,0,0,0,0,0,0,0,0,0,0,0,0,0,0,0,0,0,0,0,0,0,0,0,0,0,0,0,0,0,0,0,0,0,0,0,0,0,0,0,0,0,0,0,0,0,0,0,0,0,0,0,0,0,0,0,0,0,0,0,0,0,0,0,0,0,0,0,0,0,0,0,0,0
TTO,0,0,1,0,0,3,3,0,0,6,1,0,0,2,1,0,0,1,0,2,1,1,0,0,0,8,5,1,0,1,0,38,4,1,5,1,4,0,3,0,0,4,2,0,1,7,0,2,0,0,3,1,0,3,1,2,1,0,14,0,1,25,1,2,0,0,1,0,1,0,0,2,0,3,0,1,0,1,2,18,4,0,0,0,2,5,21,1,3,0,1,0,0,0,3,0,0,0,1,0,0,1,0,0,0,0,1,1,2,0,0,0,0,3,0,0,1,0,0,0,0,0,1,0,5,0,0,0,4,1,5,1,0,2,0,1,1,2,0,0,0,1,0,5,2,0,0,1,0,1,1,0,3,1,0,2,0,1,2,0,0,2,0,0,1,0,1,5,1,0,0,0,0,2,0,0,0,0,0,1,1,2,1,1,0,0,49,0,0,0,4,1,0,0,0,0,7,1,0,0
TUN,2,3,2,0,0,53,20,2,0,46,35,0,1,83,11,3,8,15,19,0,9,2,0,0,1,55,1,1,0,2,0,135,53,19,57,10,15,8,14,0,0,5,5,4,21,118,1,17,1,95,6,75,0,318,11,8,19,2,1565,4,0,107,5,12,0,2,2,2,38,1,2,2,0,0,1,11,0,13,8,57,19,32,17,6,32,234,4,36,58,3,17,3,0,0,29,1,11,0,31,0,9,1,0,5,0,8,12,7,77,0,1,0,0,22,3,3,7,5,1,1,6,8,1,5,25,1,4,9,19,0,36,21,4,18,14,31,8,16,11,0,4,41,0,89,3,1,0,71,2,21,24,5,468,14,9,14,0,1,1,0,0,16,0,0,0,16,14,25,0,3,5,1,4,11,0,0,0,0,1,0,67,16,12,12,13,8,178,0,0,0,18,14,0,0,0,3,36,7,1,2
TUR,2,2,16,0,0,83,206,261,0,460,467,274,0,417,12,5,36,270,18,0,37,244,0,0,4,480,2,8,1,6,0,603,583,212,729,9,22,6,275,0,0,11,44,245,441,1247,0,356,4,89,39,285,0,804,143,17,298,3,872,5,0,1310,251,20,0,3,1,1,542,0,4,7,0,0,3,236,0,382,46,464,219,501,59,23,312,1098,5,35,471,39,26,36,1,0,340,5,29,0,43,0,9,1,0,112,0,161,22,47,165,2,5,3,0,246,29,0,20,6,9,10,9,0,4,7,359,3,6,0,52,1,648,296,6,165,28,399,11,77,35,0,3,524,0,419,6,17,1,167,0,440,534,7,585,15,4,126,0,1,2,1,0,327,0,0,0,235,215,453,0,4,9,0,4,201,2,0,0,0,1,67,0,317,12,16,200,15,2977,15,0,0,19,27,0,0,0,2,347,15,1,11
TWN,1,2,3,0,0,26,168,230,0,688,319,120,0,245,9,7,24,194,8,0,6,228,0,0,0,368,3,16,0,3,1,605,470,192,3005,9,11,3,255,0,0,15,5,113,333,866,0,227,0,14,32,159,0,545,116,15,215,3,713,5,0,950,226,10,0,0,0,3,290,0,2,0,0,0,0,113,1,303,134,714,148,171,11,23,224,618,4,20,1262,5,18,2,9,0,691,0,8,2,14,0,2,1,3,107,0,125,13,36,139,1,1,1,0,182,1,2,6,7,0,12,4,0,2,6,432,1,9,0,18,1,371,207,12,163,9,154,13,18,145,0,3,440,0,279,1,6,0,119,0,172,521,5,288,6,1,334,2,1,0,0,0,237,0,0,0,164,155,297,2,4,0,0,4,336,0,0,0,0,2,16,317,0,10,9,124,10,3849,9,0,0,9,228,0,0,0,0,212,7,1,3
TZA,3,6,1,0,0,7,10,0,0,72,18,0,6,55,23,21,22,2,7,0,3,1,0,0,3,27,0,2,0,9,0,55,91,10,43,14,21,17,18,1,0,8,2,2,9,108,0,75,1,8,8,15,1,46,9,30,20,3,52,7,5,271,2,46,0,8,1,14,11,0,1,2,1,0,0,4,1,3,18,55,16,8,6,8,12,45,4,10,36,2,137,2,8,2,34,1,3,5,10,1,3,1,0,11,1,4,7,3,9,0,2,15,1,17,0,10,3,9,0,2,22,0,1,34,22,6,5,6,47,0,87,86,6,29,5,21,10,21,17,0,4,10,0,19,3,0,0,12,0,8,20,17,17,15,17,12,1,2,1,1,0,9,0,0,2,7,5,87,4,3,0,0,5,29,0,0,0,0,1,12,12,10,0,88,5,4,429,0,0,0,4,23,1,0,0,1,154,35,2,13
UGA,3,5,1,0,0,6,14,0,1,75,18,0,5,90,15,20,12,3,4,0,4,2,1,0,1,39,2,1,0,10,3,124,83,17,39,17,23,24,17,0,0,6,3,3,8,71,1,52,1,8,10,14,0,29,10,46,19,2,58,4,7,319,4,34,0,4,1,15,10,1,2,1,2,0,0,5,3,11,18,49,23,10,7,12,12,49,4,9,27,1,144,1,4,1,13,1,4,5,10,5,1,1,0,5,1,4,8,4,7,0,1,6,0,19,0,10,2,9,0,1,23,0,2,40,22,12,4,4,77,1,111,43,14,17,6,14,10,27,15,0,6,16,0,17,2,0,0,8,0,11,16,35,14,13,8,14,1,5,0,0,1,7,0,0,3,8,4,88,3,4,0,1,6,31,0,0,0,0,1,12,16,9,88,0,5,4,533,0,0,0,6,14,0,0,1,2,165,48,4,25
UKR,1,2,3,0,0,12,23,141,0,72,234,10,0,184,5,2,10,147,4,0,6,169,1,0,0,278,0,1,1,0,0,99,295,40,330,5,6,4,178,0,0,6,40,107,281,751,0,98,0,21,38,123,0,382,131,5,211,0,544,4,0,492,115,5,0,0,0,2,198,1,1,1,0,0,2,169,1,226,18,205,185,143,10,9,81,409,0,11,151,56,8,6,0,0,219,0,2,0,8,0,1,1,0,100,0,168,10,71,12,3,28,2,0,205,9,0,5,2,3,4,4,0,0,5,129,0,4,0,7,1,181,94,1,114,9,149,7,48,27,0,3,761,0,160,6,1,0,106,0,155,972,4,119,0,0,16,0,0,2,0,0,145,0,0,1,163,44,191,0,0,2,0,3,150,0,0,0,0,0,13,200,124,5,5,0,8,742,14,0,0,8,61,0,0,1,0,75,4,1,3
URY,1,2,0,0,0,6,192,0,0,39,21,0,0,21,4,1,5,2,5,0,1,0,2,0,12,235,0,0,0,0,0,52,26,87,40,3,4,3,52,0,0,14,13,0,8,78,0,26,9,4,15,9,0,162,4,5,15,0,99,4,1,91,2,5,0,0,0,2,13,1,1,4,0,0,5,4,0,3,7,17,12,7,3,4,11,52,0,4,27,0,6,2,0,0,11,1,1,0,6,0,1,1,0,6,0,8,5,2,5,0,0,0,0,86,3,1,2,2,0,2,1,0,0,5,13,0,4,0,7,3,31,12,2,22,3,7,15,26,7,0,2,15,0,23,17,0,0,6,0,5,12,4,9,1,0,15,0,0,3,0,0,6,0,0,2,6,3,28,0,0,0,0,3,6,0,0,0,0,0,8,15,10,4,4,8,0,217,0,0,0,24,6,0,0,1,0,16,6,1,2
USA,32,18,37,1,8,728,1772,347,6,12121,3483,150,10,4524,56,84,454,472,50,24,72,298,13,34,85,7183,40,34,27,156,14,19520,8215,2367,40900,70,158,149,1476,1,4,267,123,308,1964,20580,4,4364,70,126,369,1535,1,9261,420,331,2611,37,13751,11,33,25833,346,368,0,25,19,59,2115,86,18,123,24,18,38,602,83,1468,394,6168,1825,2221,125,378,4463,11937,111,314,9836,146,884,22,111,39,9461,10,196,51,454,39,35,6,28,266,8,321,232,128,248,25,50,105,4,3067,66,82,51,61,14,89,119,1,19,251,1157,63,52,37,518,57,9002,2996,193,2268,126,1041,303,637,441,5,52,3065,2,2169,52,13,41,870,15,916,3973,162,2745,52,115,2981,19,68,43,1,6,587,0,0,5,481,607,6186,30,19,37,6,23,1681,18,0,0,0,49,178,2977,3849,429,533,742,217,0,37,11,0,248,526,6,5,4,26,3166,233,21,140
UZB,1,0,1,0,0,3,1,9,0,4,6,1,0,9,0,0,1,9,0,0,1,8,0,0,0,11,0,1,1,0,0,2,10,1,32,0,0,0,6,0,0,1,0,6,14,52,0,4,0,0,4,8,0,26,8,2,9,0,18,0,0,24,8,0,0,0,0,0,8,0,0,0,0,0,0,7,0,6,3,17,6,7,0,1,0,20,0,0,16,16,1,4,0,0,20,0,0,0,0,0,0,0,0,6,0,6,0,5,2,0,0,0,0,9,0,0,0,0,0,2,0,0,0,0,25,0,0,0,1,0,2,0,2,7,0,12,0,0,0,0,1,10,0,9,0,0,0,7,0,2,69,0,6,0,0,1,0,0,0,0,0,6,0,0,0,1,0,4,1,0,0,0,0,7,4,0,0,0,0,0,15,9,0,0,14,0,37,0,0,0,0,0,0,0,0,0,6,0,0,0
VAT,0,0,0,0,0,2,0,0,0,5,1,0,0,0,0,0,0,0,0,0,0,0,0,0,0,4,0,0,0,0,0,3,1,16,2,0,0,0,2,0,0,0,0,0,1,10,0,0,0,0,0,0,0,6,0,0,0,0,3,0,0,10,0,0,0,0,0,0,0,0,0,0,0,0,0,0,0,0,0,0,0,0,0,0,0,8,0,0,4,0,2,0,0,0,2,0,0,0,0,0,0,0,0,0,0,0,0,0,0,0,0,0,0,3,0,0,0,0,0,0,0,0,0,0,0,0,0,0,0,0,0,0,0,0,0,0,0,0,0,0,0,1,0,0,0,0,0,0,0,0,2,0,0,0,0,2,0,0,0,0,0,0,0,0,0,0,0,1,0,0,0,0,0,0,0,0,0,0,0,0,0,0,0,0,0,0,11,0,0,0,0,0,0,0,0,0,1,0,0,0
VCT,0,0,0,0,0,0,0,0,0,0,0,0,0,0,0,0,0,0,0,0,0,0,0,0,0,0,0,0,0,0,0,0,0,0,0,0,0,0,0,0,0,0,0,0,0,0,0,0,0,0,0,0,0,0,0,0,0,0,0,0,0,0,0,0,0,0,0,0,0,0,0,0,0,0,0,0,0,0,0,0,0,0,0,0,0,0,0,0,0,0,0,0,0,0,0,0,0,0,0,0,0,0,0,0,0,0,0,0,0,0,0,0,0,0,0,0,0,0,0,0,0,0,0,0,0,0,0,0,0,0,0,0,0,0,0,0,0,0,0,0,0,0,0,0,0,0,0,0,0,0,0,0,0,0,0,0,0,0,0,0,0,0,0,0,0,0,0,0,0,0,0,0,0,0,0,0,0,0,0,0,0,0,0,0,0,0,0,0,0,0,0,0,0,0,0,0,0,0,0,0
VEN,0,1,1,0,0,9,74,2,1,41,18,0,0,25,2,3,7,7,1,1,6,2,1,0,13,125,1,1,0,1,0,37,30,77,42,4,6,2,140,0,0,16,33,5,20,70,0,16,9,7,106,8,0,191,6,0,15,2,89,0,0,67,3,6,0,0,0,2,22,2,2,12,3,3,4,9,1,13,6,32,10,12,0,3,16,63,4,4,32,1,8,3,1,1,21,1,5,1,7,0,0,0,0,1,0,8,5,8,10,1,0,0,0,128,3,0,4,4,0,1,5,0,0,2,9,0,1,0,12,4,33,16,5,8,1,13,15,35,11,0,1,22,0,25,13,0,0,2,0,11,19,1,16,3,0,13,0,1,7,0,0,9,0,0,2,15,10,19,0,4,3,0,0,15,0,0,0,0,4,18,19,9,4,6,8,24,248,0,0,0,0,10,0,0,1,0,16,2,0,0
VNM,3,3,1,0,0,14,22,0,0,394,44,3,1,168,9,11,34,8,8,0,5,9,1,0,3,94,1,12,4,1,1,91,119,27,342,15,19,10,80,0,0,9,11,6,28,314,0,53,2,14,18,42,0,108,13,21,33,5,361,5,2,303,5,28,0,5,1,5,37,0,2,4,1,0,2,9,1,23,85,143,75,55,8,9,19,134,3,12,473,4,27,5,32,0,446,1,5,19,18,0,1,1,0,21,1,7,12,8,11,0,1,12,0,27,3,2,3,23,0,4,8,0,1,14,116,0,6,1,30,4,170,44,13,58,7,27,13,19,84,0,6,111,0,27,5,1,0,10,0,70,167,10,41,7,7,83,1,1,4,0,1,18,0,0,0,20,9,68,0,3,2,0,6,180,0,0,0,0,1,14,27,228,23,14,61,6,526,0,0,0,10,0,0,0,0,0,57,12,2,6
VUT,0,0,0,0,0,0,0,0,0,12,0,0,0,1,0,1,0,0,0,0,0,0,0,0,0,0,0,1,0,0,0,0,0,0,2,0,0,0,0,0,0,1,0,0,0,4,0,0,0,0,0,0,0,2,1,0,0,4,22,1,0,6,0,2,0,1,0,0,0,0,0,0,0,0,0,1,0,0,5,3,1,0,0,1,0,4,0,0,3,0,1,0,0,0,0,0,0,0,0,0,0,0,0,0,0,0,0,0,0,0,0,1,0,0,0,0,0,0,0,0,0,0,0,0,0,0,8,0,1,0,0,0,0,2,0,0,0,0,1,0,3,0,0,3,0,0,0,0,1,0,0,0,0,0,0,1,3,1,0,0,0,0,0,0,0,0,1,1,0,0,0,0,0,0,0,0,0,0,0,0,0,0,1,0,0,0,6,0,0,0,0,0,0,0,0,0,1,0,0,0
WAS,0,0,0,0,0,0,0,0,0,0,0,0,0,1,0,0,0,0,0,0,0,0,0,0,0,0,0,0,0,1,0,0,0,1,2,0,0,0,0,0,0,0,0,0,0,1,0,2,0,0,0,1,0,1,0,0,0,0,0,0,0,1,0,0,0,0,0,0,0,0,0,0,0,0,0,0,0,0,0,0,0,0,0,0,0,1,0,0,0,0,0,0,0,0,0,0,0,0,0,0,0,0,0,0,0,0,0,0,0,0,0,0,0,0,0,0,0,0,0,0,0,0,0,0,0,0,0,0,0,0,0,0,0,0,0,0,0,0,0,0,0,0,0,0,0,0,0,0,0,2,0,0,0,0,0,0,0,0,0,0,0,0,0,0,0,0,0,0,0,0,0,0,0,0,0,0,0,0,0,0,0,0,0,0,0,0,5,0,0,0,0,0,0,0,0,0,0,0,0,0
WSM,0,0,0,0,0,0,0,0,0,7,0,0,0,0,0,0,0,0,0,0,0,0,1,0,0,1,0,0,0,0,0,0,1,1,1,0,0,0,0,0,0,0,0,0,1,0,0,0,0,0,1,0,0,0,0,0,0,1,1,1,0,3,0,0,0,0,0,1,1,1,0,0,0,0,0,0,0,0,0,1,0,0,0,0,0,1,0,0,0,0,1,0,0,0,0,0,0,0,0,0,0,0,0,0,0,0,0,0,0,0,0,0,0,1,0,0,0,0,0,0,0,0,0,1,0,0,2,0,1,0,1,0,0,3,0,1,1,0,1,0,0,0,0,1,1,0,0,0,0,1,1,0,0,0,0,0,1,0,0,0,0,0,0,0,1,0,0,0,0,0,0,0,0,0,0,0,0,0,0,0,0,0,0,1,1,1,4,0,0,0,1,0,0,0,0,0,1,0,0,0
YEM,1,0,0,0,0,4,0,0,0,5,1,0,1,2,1,0,0,0,2,0,0,0,0,0,0,3,0,0,0,0,0,8,6,0,7,0,0,1,0,0,0,0,1,0,1,14,1,0,0,1,0,62,4,2,1,6,1,0,11,0,0,19,0,0,0,0,0,0,2,0,0,0,0,0,0,0,0,0,4,16,0,5,9,0,1,8,0,6,4,0,3,1,0,0,1,0,2,0,7,0,4,0,0,0,0,0,0,1,7,0,0,0,0,1,0,0,0,0,0,0,2,1,0,2,79,2,0,0,13,0,4,0,1,1,4,6,0,0,0,0,0,0,0,0,0,0,0,5,0,0,0,2,63,10,0,0,0,0,0,0,0,1,0,0,0,0,0,2,0,0,5,0,0,0,2,0,0,0,0,3,2,0,1,2,0,0,26,0,0,0,0,0,0,0,0,0,4,2,0,0
ZAF,6,10,3,0,0,56,261,163,1,1282,351,121,6,473,32,30,46,109,10,1,8,134,1,2,3,547,8,8,1,122,1,959,752,329,682,25,104,33,211,0,1,19,47,23,302,1256,0,456,1,44,25,96,3,711,34,130,305,5,1081,5,8,2301,130,181,0,7,2,21,271,6,5,9,3,0,1,78,8,234,48,904,182,223,19,41,249,734,17,19,447,12,271,7,11,9,175,1,7,6,32,4,3,1,0,22,17,40,24,23,148,2,7,20,0,194,9,13,13,10,3,2,70,0,21,118,238,88,7,12,460,2,1087,477,23,237,27,153,16,101,50,0,5,414,1,308,8,10,2,54,10,226,430,36,209,51,37,99,2,7,2,1,0,172,0,0,2,206,167,642,30,14,3,3,10,179,2,0,0,0,7,36,347,212,154,165,75,16,3166,6,1,0,16,57,1,0,1,4,0,108,3,240
ZMB,4,4,1,0,0,6,12,0,0,41,11,0,1,13,8,9,11,2,5,0,1,1,0,0,2,19,0,2,0,14,1,20,34,7,29,10,12,19,9,0,0,6,0,0,2,29,0,22,0,5,2,9,0,13,5,16,9,0,21,5,4,129,2,21,0,1,0,7,6,0,0,7,1,0,0,1,2,1,15,31,9,7,4,5,8,27,1,6,25,1,59,3,6,0,6,0,1,2,8,0,1,1,0,6,1,1,6,1,6,0,1,3,0,10,0,7,0,6,0,2,14,0,0,38,10,7,5,2,18,0,35,18,6,11,7,13,5,10,9,0,3,8,0,8,2,0,0,7,0,3,8,18,9,5,7,10,1,1,1,0,1,6,0,0,0,5,1,25,0,0,0,0,4,14,0,0,0,0,1,7,15,7,35,48,4,6,233,0,0,0,2,12,0,0,0,2,108,0,2,28
ZRN,0,4,0,0,0,1,0,0,0,2,1,0,0,22,2,1,2,0,1,0,0,0,0,0,0,1,0,0,0,0,2,5,8,0,3,3,7,5,2,0,0,1,0,0,0,6,0,1,0,1,0,1,0,4,1,1,1,0,7,1,2,10,0,2,0,0,0,1,1,0,0,0,0,0,0,0,0,0,2,1,1,1,1,1,1,3,0,1,1,0,4,0,1,0,3,0,0,0,1,1,1,1,0,1,0,0,1,0,1,0,0,1,0,1,0,1,0,1,0,0,0,0,0,2,1,0,1,0,3,0,3,1,2,1,1,1,1,2,1,0,1,1,0,1,0,0,0,1,0,0,2,1,2,1,0,1,0,0,0,0,0,1,0,0,0,1,0,1,0,0,0,0,0,2,0,0,0,0,0,1,1,1,2,4,1,1,21,0,0,0,0,2,0,0,0,0,3,2,0,1
ZWE,1,1,1,0,0,9,10,0,1,30,4,0,0,10,5,3,11,1,2,0,1,0,0,0,0,29,0,0,0,14,0,23,25,8,22,3,5,6,13,0,0,2,0,0,1,16,0,15,0,2,0,4,0,8,3,18,3,0,44,2,1,128,2,11,0,0,0,1,3,0,0,0,0,0,0,1,6,1,6,34,5,10,2,3,7,12,1,2,6,1,42,0,2,0,6,0,0,0,2,0,2,1,0,4,1,0,5,0,2,0,0,0,0,6,0,1,0,1,0,0,11,0,0,36,12,4,2,1,9,0,35,17,4,3,2,15,2,11,6,0,1,12,0,6,0,0,0,3,0,2,3,6,5,2,3,4,0,3,0,0,0,2,0,0,0,3,4,24,1,0,0,0,2,10,0,0,0,0,0,2,11,3,13,25,3,2,140,0,0,0,0,6,0,0,0,0,240,28,1,0
