country_code,gdp2007,gdp2008,gdp2009,gdp2010,gdp2011,gdp2012,gdp2013,gdp2014,gdp2015,gdp2016,gdp2017,gdp2018
ABW,25834.11178,27083.63486,24631.18205,23513.5277,24985.01392,24712.49326,26441.61994,26893.01151,28396.90842,28452.17061,29350.80502,30253.27936
AFE,1278.971341,1356.529948,1326.251549,1550.121225,1682.287263,1667.992618,1648.867514,1654.314865,1503.859334,1401.281053,1536.206783,1530.161917
AFG,359.6931579,364.660679,438.0761424,543.3029674,591.1627983,641.871438,637.165464,613.8565052,578.4663529,509.2201005,519.8889126,493.7565814
AFW,1400.086007,1666.899847,1444.201899,1655.130138,1827.518347,1936.390962,2123.392433,2166.743309,1886.248158,1666.422406,1606.978332,1695.959215
AGO,3121.996085,4080.941034,3122.781599,3587.883645,4615.468219,5100.097027,5254.881126,5408.4117,4166.979833,3506.073128,4095.810057,3289.643995
ALB,3595.037163,4370.540127,4114.140114,4094.350334,4437.142885,4247.629984,4413.060861,4578.631994,3952.801215,4124.055726,4531.020806,5284.380184
AND,47804.84993,48719.65877,43504.21565,40850.24814,43334.81141,38686.46126,39540.72481,41303.92937,35770.7767,37475.63506,38964.90448,41791.96984
ARB,4963.699983,6149.711791,5180.55547,5948.674349,6870.098616,7455.041881,7505.174192,7436.580078,6346.032347,6093.331009,6095.66343,6568.984052
ARE,41809.46216,44498.94051,32024.19778,33893.26387,39194.67224,40976.49075,42412.6395,43751.80565,38663.4005,38141.86713,40644.79119,43839.32449
ARG,7245.446857,9020.873323,8225.137583,10385.96443,12848.8642,13082.66433,13080.25473,12334.79825,13789.06042,12790.24247,14613.04182,11633.49801
ARM,3139.28071,4010.861381,2994.340471,3218.378299,3525.807198,3681.844691,3838.17388,3986.231624,3607.289299,3591.828052,3914.527854,4220.540321
ASM,8874.877928,9740.824491,11910.01323,10216.81763,10223.29836,11496.5241,11450.7242,11525.15639,12059.63516,12038.2497,11003.82976,11557.67116
ATG,15622.69287,16044.1058,14160.562,13048.96058,12746.63347,13272.73494,12910.59063,13501.58092,14285.32978,15198.74297,15383.5764,16673.4369
AUS,40960.05449,49601.65671,42772.35917,52022.1256,62517.83375,68012.1479,68150.10704,62510.79117,56755.72171,49971.13146,54027.96682,57354.96405
AUT,46855.77175,51708.76575,47963.1794,46858.04327,51374.95841,48567.69529,50716.70871,51717.49594,44178.04738,45276.83144,47309.36627,51453.14702
AZE,3851.437869,5574.603802,4950.294791,5843.533768,7189.691229,7496.294648,7875.756953,7891.313147,5500.310382,3880.738731,4147.089716,4739.84171
BDI,172.4955966,198.3528517,212.1370572,234.2355325,249.5779728,252.3588663,256.9756471,274.8578422,305.549646,282.1930285,292.9980095,271.7524964
BEL,44262.896,48106.89292,44583.54481,44141.87814,47348.52502,44673.11588,46744.66254,47700.54036,40991.80814,41984.10303,44089.31009,47554.74631
BEN,966.203581,1125.426029,1088.757852,1036.534594,1130.27319,1145.140019,1251.209707,1291.410107,1076.796702,1087.287304,1136.59397,1240.830962
BFA,535.0622795,643.404581,624.1751645,647.8360955,751.1727704,758.000427,787.4694383,792.8462374,653.3272681,688.2506963,734.996268,813.0996894
BGD,558.0518407,634.9870697,702.2644196,781.1535777,861.7621622,883.1171296,981.8608514,1118.873808,1248.45331,1401.564635,1563.767819,1698.132081
BGR,5885.104348,7265.735497,6988.233325,6812.406338,7809.425062,7395.849803,7655.129708,7876.866465,7055.935673,7548.855007,8334.081728,9427.73043
BHR,20976.44229,23066.45098,19355.92101,20722.07049,22514.20272,23654.36959,24744.29696,24989.43753,22634.08565,22608.45256,23742.93734,23991.04139
BHS,31472.28554,30627.32775,28552.51716,28443.88848,28005.9124,29485.86422,28784.02449,29980.70826,31295.56387,31563.30787,32719.66659,33767.94119
BIH,4193.36808,5090.945905,4714.693661,4635.510273,5092.554725,4778.636088,5131.404646,5329.631984,4727.276333,4994.68904,5394.579953,6072.184623
BLR,4735.657608,6377.369732,5351.355382,6029.3968,6519.230195,6940.159254,7978.872615,8318.51269,5949.106307,5022.626643,5761.74712,6330.075246
BLZ,4252.395386,4404.308194,4186.519984,4270.780031,4423.496842,4505.600593,4568.641228,4718.436581,4770.232656,4856.973249,4945.857699,5001.422157
BMU,104287.3875,106935.4863,101407.764,101875.2841,97774.16207,98431.86518,99471.6389,98467.68399,102005.6256,106885.8785,111820.5815,113023.1856
BOL,1372.628368,1715.208393,1754.209464,1955.460181,2346.337844,2609.880562,2908.200371,3081.878824,3035.971655,3076.656439,3351.124344,3548.59078
BRA,7348.030716,8831.023117,8597.915485,11286.2429,13245.61203,12370.02445,12300.32482,12112.58767,8814.001418,8710.096774,9928.643063,9151.445253
BRB,16770.66103,17092.58214,15885.41018,16056.37098,16458.35321,16249.67395,16451.27931,16489.07224,16524.8995,16900.04829,17391.66891,17745.25537
BRN,32663.39237,37934.67645,27956.00514,35270.64214,47055.96064,47739.55769,44740.85942,41725.86752,31164.03625,27158.40565,28571.60829,31628.47626
BTN,1757.190496,1828.154677,1819.19731,2258.186435,2563.261224,2538.949519,2472.724753,2652.225654,2752.630172,2930.574923,3286.596744,3243.477437
BWA,5832.737052,5713.543931,5255.776533,6434.812485,7617.310041,7050.573472,7224.912737,7780.634758,6799.870178,7243.933974,7893.418671,8279.818457
CAF,404.3745429,464.5612047,474.7056275,488.4217731,551.7496918,565.8011645,380.2978928,424.449106,377.422919,402.1916349,450.900697,475.9538495
CAN,44659.89514,46710.50558,40876.31015,47562.08343,52223.69611,52669.08996,52635.17496,50955.99832,43596.13554,42315.60371,45129.35644,46454.74339
CEB,12012.39222,14585.41472,12304.55566,12608.38287,13907.67182,13014.50581,13712.8087,14153.74762,12513.20184,12822.37622,14238.19677,16034.71497
CHE,65359.51922,74572.23237,72083.1677,77117.12601,91254.03476,86547.67089,88109.48675,89684.70758,84776.14217,83073.28008,83352.08865,86429.50082
CHI,74458.79467,,,,,,,,,,,
CHL,10502.35071,10751.4816,10208.90797,12808.03834,14637.23344,15351.54074,15842.93648,14670.98891,13574.16924,13753.59215,14998.81706,15888.14436
CHN,2693.970063,3468.304602,3832.236432,4550.453108,5618.132267,6316.918318,7050.646271,7678.599486,8066.942635,8147.937705,8879.438667,9976.677137
CIV,1062.556918,1240.614893,1215.166785,1213.113,1208.583199,1243.273487,1415.871694,1561.464413,1972.545683,2013.381448,2111.026557,2314.050958
CMR,1195.649211,1377.298635,1319.99742,1286.515888,1405.094123,1354.54555,1465.63871,1542.620606,1327.502561,1364.32954,1425.106368,1534.492241
COD,286.3304725,327.5637218,298.6196916,334.0215777,387.082477,424.6003738,457.9637475,486.7870951,497.3170391,471.3188225,467.0742317,557.0644117
COG,2262.85441,2892.416962,2336.160957,3073.557784,3557.55617,3923.093509,3883.746848,3776.485568,2447.539308,2039.453223,2173.680253,2601.410483
COL,4714.073055,5472.53653,5193.241458,6336.709474,7335.166934,8050.255372,8218.347844,8114.343921,6175.87603,5870.777957,6376.706716,6729.583332
COM,1240.092528,1393.216032,1344.730406,1316.491225,1447.94527,1403.360421,1505.33722,1513.83039,1242.585682,1273.05092,1323.814958,1415.955164
CPV,3186.779935,3721.219993,3517.430156,3378.323433,3740.374103,3447.4831,3616.03557,3588.625584,3043.031382,3130.998753,3292.633503,3617.347445
CRI,6103.741917,6901.388306,6801.036735,8227.127494,9229.834517,10075.00462,10744.09102,10847.16967,11642.77805,12011.22275,12225.57449,12468.57529
CSS,9054.851428,10225.38043,8578.716747,9253.214027,9920.910166,10187.30151,10306.88816,10377.11289,10116.51995,9560.194679,9810.470068,10250.43407
CUB,5208.718388,5411.269492,5529.669375,5730.354264,6139.718783,6497.314764,6837.71168,7133.337679,7694.014637,8060.796598,8541.213686,8824.194008
CUW,,,,,20146.38641,20587.39736,20462.71795,20258.00969,19951.3279,19555.36585,19457.53152,19630.89349
CYM,85433.03094,85188.33704,77400.42144,73351.75677,72329.66133,72777.14849,73514.66868,74990.43322,76284.19393,78471.62873,81513.16302,86059.73922
CYP,31244.92622,35397.36368,32109.24251,31023.63833,32396.38574,28912.15694,27729.1927,27163.33297,23408.33668,24605.92083,26444.07438,29089.47133
CZE,18466.54793,22804.57768,19861.69743,19960.06849,21871.26608,19870.80121,20133.16914,19890.91991,17829.69832,18575.23203,20636.19995,23419.73561
DEU,41587.2129,45427.15168,41485.90165,41531.9342,46644.77603,43858.36306,46285.76407,47959.99327,41086.72967,42107.51727,44442.77184,47787.16051
DJI,1052.719117,1223.852363,1267.317394,1343.275125,1451.548081,1559.240651,2312.720948,2464.297678,2658.964207,2802.181971,2914.374595,3141.879389
DMA,5951.863413,6468.944767,6903.145806,6967.364955,7065.460372,6849.455933,7016.380071,7317.486143,7597.288894,8080.968623,7274.517731,7693.771453
DNK,58487.05497,64322.0635,58163.27688,58041.39844,61753.64713,58507.50805,61191.1937,62548.98473,53254.85637,54663.99837,57610.09818,61598.5367
DOM,4707.795052,5087.983213,5039.403122,5555.392014,5913.426649,6110.366576,6238.132367,6608.825501,6921.520594,7280.88361,7609.353275,8050.644076
DZA,3950.51426,4923.630278,3883.27129,4480.787439,5455.67903,5592.220115,5499.587331,5493.056663,4177.886892,3946.452425,4109.703442,4153.956234
EAP,2463.859868,3091.090388,3330.632704,4006.561591,4855.674023,5375.530594,5890.471604,6303.515561,6519.038901,6609.484366,7172.701944,7968.089975
EAR,2343.858436,2599.726516,2466.24683,2949.396479,3255.825907,3365.31928,3378.604105,3447.097437,3301.137579,3333.147041,3554.53187,3526.975044
EAS,5675.001382,6498.497381,6650.301436,7698.981508,8858.855472,9417.628081,9465.403888,9700.755546,9595.159207,9855.725329,10467.854,11318.84036
ECA,6811.456166,8410.154001,6585.407769,7815.679282,9601.425309,10121.83497,10689.03919,9916.756704,7546.232996,7177.772237,8018.714138,8206.596661
ECS,24174.22869,26436.53098,23165.17958,23640.6638,26138.77416,25097.80321,26102.0502,26334.39368,22582.9527,22404.89958,23617.21929,25221.76086
ECU,3567.837186,4249.01897,4231.619235,4633.591284,5200.555108,5682.046108,6056.331213,6377.093929,6124.490887,6060.092962,6213.503127,6295.934662
EGY,1667.317998,2044.527804,2331.26884,2645.968759,2791.810766,3229.68563,3262.657586,3379.557986,3562.932658,3519.87324,2444.290387,2537.125185
EMU,38666.7714,42177.6397,38422.45231,37561.06509,40599.57765,37589.04517,39100.92794,39854.42162,34367.1012,35137.75436,37045.47826,39997.55475
ERI,439.8321034,450.6323989,595.1099872,501.355317,642.5082588,,,,,,,
ESP,32549.97098,35366.2596,32042.47408,30502.71971,31636.44631,28324.42934,29059.54795,29461.55033,25732.01836,26505.34322,28100.58624,30374.52104
EST,16741.93923,18227.11953,14794.9711,14784.38466,17624.04456,17534.42135,19174.10033,20367.10316,17522.23019,18437.25282,20407.92738,23159.39249
ETH,244.2860523,326.4368228,380.5690032,341.5541227,354.4795719,467.0778718,499.5315302,566.9264029,640.5419231,717.1248698,768.5230154,771.5248663
EUU,33551.40893,36913.83511,33361.83193,32934.03875,35709.53074,33150.83222,34560.52273,35239.1751,30466.8095,31164.59504,33008.50414,35703.68953
FCS,1524.630781,1918.46386,1777.533821,2067.712299,2047.254698,2298.502511,2362.401197,2504.444544,2167.407843,1928.978592,1929.877239,2021.725791
FIN,48414.84509,53554.03892,47293.99283,46459.97325,51081.99767,47710.79022,49878.04324,50260.29986,42784.69836,43784.28396,46297.49635,50013.2942
FJI,4040.152119,4167.694935,3362.820495,3652.535933,4371.447385,4591.577015,4840.72727,5605.609148,5390.714207,5651.272721,6101.02389,6317.437799
FRA,41508.43269,45334.11796,41575.42196,40638.33525,43790.72602,40874.70039,42592.93539,43011.2631,36638.18493,37037.37419,38685.25849,41526.41466
FRO,47885.69888,50863.95379,47441.91598,48541.40119,52092.60338,49459.71723,54843.31929,59433.83457,52400.29728,56854.10265,59993.09063,62918.14619
FSM,2458.658394,2541.261625,2721.97609,2885.305492,3009.256825,3131.386715,2994.792394,2971.512602,2906.617012,3014.700358,3289.642117,3568.291016
GAB,8458.309179,10254.17196,7721.018953,8849.322608,10809.68495,9813.505747,9683.58162,9663.42411,7384.700704,6984.419712,7230.434912,7956.627816
GBR,50444.93015,47267.01218,38736.9022,39536.77268,42047.61425,42449.10767,43401.31053,47452.19914,45039.23595,41048.34966,40304.72308,42992.80372
GEO,2635.353882,3324.735879,2822.66743,3233.295943,4021.743306,4421.818242,4623.745725,4739.188338,4014.185944,4062.169888,4357.000936,4722.787783
GHA,1081.166318,1217.064435,1077.662058,1299.345212,1549.462719,1587.560932,2361.090324,1899.668336,1705.575082,1913.473536,2020.68179,2194.232477
GIB,,,,,,,,,,,,
GIN,659.992931,715.0965267,674.0854826,672.4249304,651.1361134,717.0505359,769.0031667,787.2385644,769.2554754,732.2915119,855.5752706,955.1112811
GMB,780.3810509,924.5098746,833.2813604,860.6364339,762.7631177,742.7776286,700.5160422,607.4299047,660.7235712,690.7804932,679.7550717,732.7207273
GNB,493.7219932,599.9952372,559.4145709,558.1746681,703.6605673,616.375664,634.6620391,623.3130914,603.3993815,661.4578387,738.5499449,802.7673851
GNQ,15908.41119,22942.6101,16668.1217,17288.8426,21641.6939,21711.15159,20390.73727,19394.08066,11283.39805,9250.316493,9667.857801,10005.61679
GRC,28827.32639,31997.28202,29710.97023,26690.60742,25450.53412,21915.19132,21749.15248,21601.7764,18050.09761,17885.39281,18562.22943,19765.99645
GRD,7212.986819,7832.349081,7290.834938,7258.166561,7291.74167,7444.089075,7789.632355,8370.040472,9096.538652,9628.172843,10152.83281,10486.37759
GRL,39780.95144,44367.05565,44918.56488,43988.33249,47186.98147,45936.76595,47535.58995,50484.92757,44536.40131,48181.87419,50321.36875,54470.95639
GTM,2490.749127,2802.461962,2651.817123,2852.547327,3228.045741,3355.036919,3522.773706,3779.642336,3994.636913,4173.301666,4454.04815,4478.424646
GUM,27680.54996,29288.78186,30320.53859,31040.0843,31210.47029,32908.30677,33656.45357,34843.20557,35829.25036,36214.00692,36601.91988,36502.38282
GUY,3658.476971,4050.788213,4233.76442,4580.699136,4908.567014,5378.81197,5489.142758,5407.153711,5576.82607,5811.397924,6124.95367,6145.818743
HIC,38494.40014,40574.13886,37776.77658,39341.13236,42258.0471,42057.99465,42321.54871,42995.26562,40398.44866,41013.34128,42658.20723,45114.36039
HKG,30594.01784,31515.66277,30697.34038,32549.99823,35142.48793,36730.8767,38403.77771,40315.28556,42431.88828,43731.10682,46165.85651,48542.68187
HND,1583.047451,1739.353377,1789.705553,1904.347152,2088.315547,2144.342363,2102.592449,2206.054397,2302.204411,2342.584904,2453.727115,2510.322943
HPC,636.997799,748.4684432,738.8307773,797.2101201,852.3707875,872.437832,945.0036949,970.9121683,927.1244575,909.5132254,944.4637175,979.8899885
HRV,13937.44839,16296.80592,14540.6416,13949.3265,14609.52435,13258.35985,13674.4178,13599.40978,11781.73479,12361.48383,13451.62495,15014.08502
HTI,981.1105146,1076.702447,1150.211089,1172.099015,1287.954058,1337.336475,1393.956085,1402.100289,1389.119779,1265.986932,1294.239628,1435.350852
HUN,13918.96019,15753.47328,13046.48101,13191.62126,14216.16561,12950.68652,13687.51406,14267.01215,12706.89121,13090.50673,14605.85435,16411.44111
IBD,3293.45746,3915.625837,3760.768261,4521.982563,5288.461865,5567.74639,5824.770745,5965.710751,5579.990996,5572.724644,6094.71936,6415.154649
IBT,2735.233638,3240.511404,3106.858574,3710.556573,4312.473561,4529.499118,4737.412327,4848.12374,4536.057792,4505.604602,4889.873864,5127.061541
IDA,855.97075,997.4222714,963.3877966,1083.105991,1190.085798,1249.630901,1347.17426,1408.98015,1366.150172,1305.681497,1321.432163,1364.109464
IDB,1265.745034,1464.181449,1340.413854,1534.962515,1721.445534,1859.740421,1972.596895,2068.872068,1949.18058,1773.844239,1712.650913,1747.506594
IDN,1860.002811,2166.854231,2261.247309,3122.362673,3643.047176,3694.35934,3623.927241,3491.637491,3331.695115,3562.816334,3837.578024,3893.859578
IDX,644.9020519,757.2005819,771.2534696,851.2809904,915.6179926,932.2370758,1022.148077,1065.282163,1063.642258,1065.845678,1124.557574,1172.228221
IMN,54196.30173,70986.30133,65029.01975,69767.34336,77349.22524,79148.33225,83357.13268,92334.64631,85126.97047,82197.12677,83477.83429,89112.66772
IND,1028.334772,998.5223415,1101.960838,1357.563727,1458.104066,1443.882435,1449.610451,1573.885642,1605.605445,1732.554242,1980.66702,1996.915087
INX,,,,,,,,,,,,
IRL,61337.17962,61213.30652,52008.72824,48698.16532,51886.50849,48914.61753,51577.27936,55586.9626,62000.11881,62993.7451,70413.12183,79297.7292
IRN,4904.666183,5717.314148,5709.948293,6599.660938,7781.405801,7927.844908,6018.3229,5585.525604,4904.327315,5253.42656,5520.314782,3598.483454
IRQ,3182.841351,4636.639325,3853.82862,4657.280269,6045.494567,6836.073995,7076.552265,6637.684375,4688.318017,4550.658638,5076.690795,5523.078375
ISL,69495.72674,56943.37045,41301.27322,43237.07295,47714.59223,45995.54788,49804.983,54576.74481,52951.68151,61987.92636,72010.14903,74348.36228
ISR,24939.4618,29599.78301,27719.79499,30694.16768,33610.69403,32510.3453,36316.47837,37738.41607,35813.71341,37282.53056,40474.66813,41704.82857
ITA,37822.66524,40778.34274,37079.75867,36000.52012,38599.06221,35053.52624,35549.9747,35518.41529,30230.2263,30939.71425,32326.67421,34608.6756
JAM,4623.747897,4928.126409,4335.178411,4704.04776,5111.465987,5209.859264,4989.734089,4834.284009,4907.927415,4843.7499,5070.099503,5359.993789
JOR,2735.378767,3455.769953,3559.692102,3736.645462,3852.890025,3910.346894,4044.426869,4131.44735,4164.108769,4175.356602,4231.51828,4308.151074
JPN,35275.22843,39339.29757,40855.17564,44507.67639,48167.99727,48603.47665,40454.44746,38109.41211,34524.46986,38761.81815,38386.51115,39159.42356
KAZ,6771.414797,8458.017154,7165.223175,9070.488253,11634.0012,12386.69927,13890.63096,12807.26069,10510.77189,7714.841844,9247.581331,9812.626371
KEN,825.666555,902.0699578,905.1316534,951.68778,971.6330365,1136.869893,1210.385435,1315.802225,1336.883265,1410.532025,1572.345734,1708.001428
KGZ,721.7686908,966.3936272,871.2243893,880.0377751,1123.883168,1177.974735,1282.437162,1279.769783,1121.082835,1120.666513,1242.769643,1308.139779
KHM,631.5252576,745.609127,738.0547312,785.5026671,882.275614,950.880346,1013.420536,1093.495976,1162.904995,1269.591499,1385.260066,1512.126989
KIR,1374.395199,1428.134977,1312.025001,1516.76766,1734.902397,1788.690394,1715.813041,1642.822669,1542.616968,1584.737028,1640.57196,1698.329587
KNA,14429.55024,15592.87088,15388.44344,15510.19915,16539.76901,16046.48694,16685.94759,18051.17903,18028.97343,18810.55938,19158.7448,19276.52127
KOR,24086.41044,21350.42798,19143.85161,23087.22564,25096.26388,25466.76052,27182.73431,29249.57522,28732.23108,29288.87044,31616.8434,33422.94421
KWT,45782.14857,55494.9301,37561.72593,38577.49828,48631.7834,51979.12069,49388.05338,44062.34091,29869.55275,27653.15762,29759.46744,33399.06048
LAC,6544.606529,7484.449906,6876.753438,8504.473849,9821.029308,9674.39298,9829.36977,9775.879638,8241.120037,7930.715055,8743.84224,8395.074358
LAO,710.3445761,900.3221829,948.6542409,1140.598657,1378.362016,1581.39614,1825.665672,1998.333108,2134.713062,2308.799808,2423.847598,2542.489769
LBN,5207.792723,6111.327281,7354.953605,7761.641489,7675.30894,7952.151239,7933.233249,7687.930519,7644.545147,7626.300196,7792.59886,8012.539237
LBR,396.6017613,478.3995401,470.9481214,513.4455667,596.8966353,657.9357791,721.9295456,721.1822986,710.3840166,714.6233922,698.7023587,677.3223191
LBY,11300.19323,14382.59529,10275.26154,12064.77291,5554.180053,13025.27932,10363.80425,6466.908237,4337.919139,4035.196802,5756.699325,7877.12461
LCA,7969.797993,8456.694632,8137.750991,8540.07098,8983.743733,9086.387955,9378.985047,9843.308534,10093.61802,10361.58388,11047.44499,11357.82657
LCN,6935.858748,7966.56108,7402.54097,9075.903791,10204.24345,10198.38858,10339.94815,10433.17121,8888.231171,8600.757385,9461.211347,9158.440964
LDC,623.5391389,747.220291,742.1112231,826.4997561,906.4127026,932.5788117,997.6942912,1052.687815,1011.525345,986.9248236,1053.963522,1065.291106
LIC,575.35693,679.5375025,680.7342243,745.925573,773.3160191,777.7348732,828.5573585,874.3229915,851.3552364,785.6338741,790.858529,795.9531592
LIE,130655.637,143264.0594,126096.6104,141192.5347,158130.4575,149010.2249,173030.2083,178864.8519,167313.2663,165642.3863,171253.9643,180366.7152
LKA,1630.388906,2037.322103,2090.401826,2799.648738,3200.861132,3350.521876,3610.289363,3819.25353,3843.780672,3886.291502,4076.747003,4058.803511
LMC,1350.95694,1503.931528,1504.962194,1801.825852,2020.207967,2087.322877,2093.378612,2145.495731,2074.977957,2134.936109,2266.935303,2264.39294
LMY,2604.129444,3077.782567,2963.713558,3548.500546,4156.659611,4370.990223,4578.637987,4674.292066,4382.340281,4353.084405,4721.748778,4944.432719
LSO,846.5423208,889.1342855,874.7298605,1119.843641,1287.269536,1229.636232,1166.911756,1194.575627,1146.064688,1018.931093,1102.94441,1192.48432
LTE,4378.143432,5408.967226,5194.58204,6193.425433,7502.551785,7978.503815,8547.817337,8819.043837,8219.840161,8190.535213,9034.226375,9849.861213
LTU,12285.44705,14944.99665,11820.77616,11987.50841,14376.94786,14367.70942,15729.65247,16551.0182,14258.22933,14998.12506,16843.69965,19166.81227
LUX,106018.4928,114293.8433,103198.6693,104965.3061,115761.5077,106749.0136,113625.1329,118823.6484,101376.4966,104278.391,107361.3069,116597.2956
LVA,14091.04765,16422.11198,12288.21383,11379.79806,13776.08878,13923.47398,15122.73528,15713.53697,13774.60527,14315.79289,15643.48563,17849.5593
MAC,36550.50516,40810.82804,41010.06826,52473.19099,66891.28197,76572.15179,89260.7571,93022.87514,74839.33204,73569.43369,81044.88998,87554.71386
MAF,,,,,,,,,,,,
MAR,2499.259938,2890.360715,2866.92411,2839.92612,3046.947854,2912.658275,3121.680081,3171.699192,2875.257985,2896.722196,3035.454433,3226.982794
MCO,169966.3069,185785.7259,154775.3808,150737.8925,169016.1961,157520.2194,177673.7454,189432.37,165989.5051,170028.6557,167517.0597,185978.6093
MDA,1531.685476,2111.201495,1899.010117,2437.529978,2942.255949,3045.739874,3322.038436,3328.801449,2732.457113,2880.439281,3509.69345,4230.363037
MDG,438.6555158,536.351379,467.5398004,471.959197,531.2654985,518.1529543,541.0660586,530.8611206,467.2355537,475.9556084,515.2933093,518.401123
MDV,5574.401981,6614.23618,6636.543871,7076.739821,7291.465967,7265.723399,7928.476443,8499.307148,9033.459724,9209.399665,9577.702376,10276.77339
MEA,5869.278647,7181.747376,6278.627995,7172.938023,8326.334924,8897.740335,8656.287655,8527.81667,7357.406221,7257.019433,7403.30469,7546.701353
MEX,9642.680517,10016.57121,8002.972178,9271.398396,10203.4213,10241.72783,10725.18359,10928.91601,9616.645558,8744.515559,9287.849587,9686.514244
MHL,2646.873996,2704.463554,2662.334015,2846.065542,3046.290071,3181.6247,3246.63025,3185.261354,3199.886846,3490.998389,3672.576783,3793.550983
MIC,2794.876089,3307.239564,3186.390104,3824.786222,4493.175313,4732.921507,4962.139483,5069.137762,4755.35979,4734.130971,5146.504264,5399.040431
MKD,4037.122452,4794.334682,4546.152171,4545.392131,5063.885906,4697.196689,5210.153044,5468.126225,4843.492387,5132.997146,5432.414531,6087.468311
MLI,597.4798388,697.0878685,701.7120403,710.2742494,837.605821,778.6252695,805.0339796,848.279043,751.4728866,780.7235695,830.0215153,894.8047765
MLT,19485.87119,22205.35681,21083.27715,21799.17426,23155.55479,22527.63676,24771.07658,26754.26845,24921.60368,25741.44606,28250.69777,30672.29224
MMR,512.5800861,637.5217394,840.0744393,1018.13173,1061.923411,1035.80424,1121.942049,1140.76652,1144.474341,1158.434566,1257.803576,1279.089756
MNA,3179.519799,3870.830995,3670.95687,4161.671846,4624.841887,5014.187299,4609.466436,4453.932158,3924.979736,3919.466963,3801.05245,3501.870767
MNE,5976.394145,7367.751909,6727.107767,6688.4824,7328.932252,6586.721279,7189.295425,7388.147794,6517.163752,7033.604899,7803.411137,8850.094631
MNG,1632.727582,2136.562402,1714.361827,2643.287083,3757.565415,4351.888461,4366.089537,4158.521471,3918.587015,3660.151944,3669.406934,4134.979372
MNP,16988.13728,17191.1902,14669.52061,14804.24673,13496.75078,13736.97197,14091.19118,15044.9359,16314.38355,21891.18479,27584.74351,22886.67405
MOZ,482.1985636,563.6496343,520.4026316,471.9043433,594.5861471,657.6446765,664.0775104,673.969212,589.85905,428.9266729,461.4150941,503.3179252
MRT,1357.124285,1579.511548,1389.338533,1610.921603,1879.772472,1815.218939,1892.094,1677.109019,1524.071753,1536.854888,1577.86437,1601.291932
MUS,6574.654338,8030.063005,7318.12641,8000.376432,9197.042991,9291.236379,9637.015729,10153.93269,9260.447303,9681.623107,10484.90583,11208.3273
MWI,332.2590946,387.6057212,438.2118568,478.6686885,534.9510502,391.5617052,348.4298737,371.2695217,380.5969877,315.7779871,497.3104097,535.3513457
MYS,7243.456801,8474.587762,7292.494973,9040.568495,10399.37021,10817.43171,10970.1043,11319.06194,9955.242722,9817.78709,10259.30481,11377.6542
NAC,47660.54833,48229.12621,46495.71874,48387.21093,50123.85358,51717.78701,53068.03255,54648.01934,55542.96607,56451.5175,58605.34429,61381.71985
NAM,4405.410397,4212.367195,4295.387144,5394.996711,5806.748245,5942.29274,5392.09494,5469.901401,4896.61526,4546.986687,5367.114673,5587.985613
NCL,,,,,,,,,,,,
NER,390.2844802,478.502559,464.057999,476.8695322,512.595335,529.7444581,552.569139,564.5967488,484.2386326,498.1053379,517.9770442,572.4301385
NGA,1883.461388,2242.8719,1891.335297,2280.437337,2487.598017,2723.822191,2961.549422,3098.985791,2687.480056,2176.002772,1968.565398,2027.778549
NIC,1327.957086,1499.266728,1444.36951,1503.872231,1655.818055,1760.467407,1811.636803,1934.062922,2049.851666,2107.57406,2159.161926,2014.570287
NLD,51733.44213,57644.47997,52514.02712,50950.03434,54159.34661,50073.00566,52184.06185,52830.17423,45175.23189,46007.85292,48554.99228,53018.62936
NOR,85139.96045,96944.09561,79977.69708,87693.79007,100600.5624,101524.1419,102913.4508,97019.18275,74355.51586,70460.56053,75496.75406,82267.80932
NPL,391.3800572,470.455459,478.1732528,592.4012071,799.5833769,804.1416073,823.3598746,844.8531248,901.7496077,899.523581,1048.453755,1178.525932
NRU,,,,4752.175082,6560.27487,9562.667866,9648.495655,10171.48073,8365.07289,9555.79043,10360.77731,11614.66508
NZL,32479.98174,31252.96256,28209.36233,33676.77412,38387.62708,39973.38076,42976.64959,44572.89875,38630.72659,40080.49411,42992.89527,43306.07
OED,34262.15587,36030.19299,33496.13155,34916.01774,37356.38008,37106.30082,37369.45394,37908.85972,35551.96708,35990.2034,37328.35773,39268.56338
OMN,15838.46957,22139.74068,16823.79495,18712.57015,20876.58504,21872.61054,20865.78787,20035.21731,16033.46383,14609.98176,15127.88819,16521.20623
OSS,10954.39111,13046.24791,10910.07481,12384.68778,14903.90814,15218.68155,15558.62187,15758.29011,12814.12165,12410.45212,13241.20072,14402.75104
PAK,908.0950852,990.8466112,957.9956753,987.409712,1164.978823,1198.117637,1208.91771,1251.175719,1356.667831,1368.426961,1464.926195,1482.213067
PAN,6166.187862,7154.274496,7576.140467,8082.019584,9358.261574,10722.25235,11889.07056,12796.05753,13630.32287,14343.98139,15146.40237,15544.73352
PER,3606.070689,4220.616378,4196.311627,5082.353706,5869.323882,6528.971775,6756.752996,6672.877373,6229.100674,6204.996457,6710.507602,6957.793411
PHL,1744.639979,1991.229749,1905.895236,2217.472153,2450.735694,2694.305109,2871.429701,2959.645435,3001.043182,3073.654686,3123.245642,3252.110274
PLW,10381.42387,10598.88283,10252.75014,10356.63362,11094.83322,12044.10547,12561.33614,13711.7617,15876.46193,16653.42589,16065.29283,15657.17715
PNG,1401.949447,1672.951024,1626.312855,1949.351185,2406.910967,2790.676303,2729.888751,2920.782986,2679.346579,2509.629637,2695.249009,2801.371393
POL,11254.51739,13996.02515,11526.05589,12613.011,13879.56099,13097.27085,13696.4663,14271.30585,12578.49547,12447.43959,13864.68176,15468.40941
PRE,1129.299685,1383.589208,1220.972895,1401.231512,1569.825577,1672.779198,1780.21985,1822.918991,1560.519966,1393.575355,1415.718939,1449.099681
PRI,23664.88235,24898.33459,25768.72589,26435.74879,27278.88305,27944.73389,28513.16574,28981.45733,29763.4883,30627.1634,31108.75275,31604.70151
PRK,,,,,,,,,,,,
PRT,22782.09462,24847.54514,23059.79745,22498.69086,23186.91313,20564.88986,21647.04181,22074.30076,19242.36647,19978.40121,21437.3475,23551.04829
PRY,2976.824014,4047.909791,3626.818637,4359.428415,5329.387437,5185.141549,5936.975959,6118.31811,5413.776021,5324.609068,5678.869972,5782.78455
PSE,1664.245717,2035.202341,2191.781787,2557.075624,2880.798437,3067.438727,3315.297539,3352.112595,3272.154324,3527.613824,3620.360487,3562.330943
PSS,2909.128514,3063.47838,2706.025385,2965.36361,3440.720461,3608.92391,3702.149345,3970.784808,3832.438806,3962.439848,4220.736436,4336.985308
PST,38696.18124,40660.80105,38123.07512,39586.83954,42386.48333,42167.5133,42406.93067,43092.61894,40618.92509,41340.50379,42933.61355,45364.58418
PYF,,,,,,,,,,,,
QAT,65421.37692,80234.19083,59094.65918,67403.08768,82409.94164,85075.98654,85050.68435,83858.34046,63039.11263,57162.96801,59124.86727,65907.94843
ROU,8360.166321,10435.04398,8548.118672,8214.076893,9099.217539,8507.104775,9547.852151,10043.67745,8969.148921,9548.587403,10807.00917,12398.98198
RUS,9101.255049,11635.27293,8562.813277,10674.99578,14311.08432,15420.87454,15974.64463,14095.64874,9313.013625,8704.898413,10720.33266,11287.35528
RWA,438.6641845,543.5453565,579.726615,609.724917,668.4946722,725.1697703,722.8943285,743.559038,751.0773926,744.7607488,772.3169891,783.6371628
SAS,959.3051264,959.4611995,1041.994401,1257.499445,1368.944608,1366.115421,1383.560005,1496.00791,1543.489948,1652.196,1867.505482,1894.169093
SAU,16516.63178,20078.26007,16113.14371,19262.5476,23745.88058,25243.602,24845.12466,24464.21256,20627.92693,19878.76384,20802.46631,23337.01755
SDN,1128.410266,1304.533051,1163.797223,1489.874087,1437.779831,1332.914187,1381.489462,1625.463728,1656.905841,1325.156019,1103.000026,825.8689411
SEN,1198.392811,1403.949385,1308.937808,1271.583281,1366.774501,1317.779802,1372.665779,1396.657339,1219.249415,1269.903294,1361.701972,1458.069093
SGP,39432.93835,40007.46926,38927.20688,47236.96023,53890.42873,55546.48854,56967.42579,57562.53079,55646.61875,56848.17539,61176.45636,66679.04649
SLB,1260.289404,1388.963877,1428.505673,1604.20583,1938.891187,2141.821522,2248.614935,2274.887866,2167.119928,2225.486842,2332.844216,2411.862926
SLE,360.3716605,408.4810085,391.200943,401.8348761,448.3376621,566.3782351,716.8358269,714.6997957,588.2288628,501.4151655,499.3809746,533.9915333
SLV,2786.157922,2933.39424,2858.483344,2983.228806,3266.012588,3428.409332,3509.528132,3589.041296,3705.579704,3805.995686,3910.255969,4052.624775
SMR,72697.70599,78643.55065,66703.21823,60254.7763,57297.51331,49988.46363,51570.98395,50817.33082,42662.90265,43828.23246,45399.02906,48996.59225
SOM,,,,,,,297.9553578,295.2666099,293.4551719,295.9673926,309.0543803,314.542678
SRB,5848.476405,7101.040141,6169.114195,5735.422857,6809.159804,6015.945228,6755.073675,6600.056809,5588.980728,5765.200762,6292.543629,7252.401858
SSA,1325.883599,1480.814611,1373.0657,1591.640542,1739.987881,1775.533706,1839.496037,1860.252141,1657.286312,1507.096028,1562.913964,1595.496495
SSD,,1669.493752,1337.882231,1535.706892,1516.404378,1179.739711,1779.470365,1322.820364,1119.651437,,,
SSF,1327.036394,1481.833402,1373.92591,1592.59208,1741.010781,1776.51779,1840.729073,1861.462891,1658.514663,1508.352794,1564.22416,1596.825251
SST,10043.7912,11834.91648,9922.985145,11173.07576,13213.9307,13525.35314,13821.99569,14015.34245,11759.68811,11367.68514,12064.70274,13040.53773
STP,896.8677913,1098.755219,1067.908053,1090.260763,1254.541598,1330.620114,1564.768548,1770.467688,1584.775657,1700.097997,1813.807434,1953.513257
SUR,5744.759727,6831.983622,7408.360786,8255.874872,8263.203803,9200.974786,9402.164419,9471.922001,9168.237157,5872.789429,6295.560562,6938.086981
SVK,16085.61152,18677.29271,16531.67051,16750.79744,18361.56948,17481.89544,18260.01577,18674.34406,16310.98841,16508.67036,17504.21134,19364.6201
SVN,23787.64656,27483.33717,24694.23049,23509.54314,25095.13229,22643.10025,23496.6025,24214.92207,20881.76693,21663.64341,23454.73952,26103.16026
SWE,53700.00534,56152.55234,46946.96027,52869.04429,60755.75955,58037.82132,61126.9432,60020.36046,51545.48361,51965.15715,53791.50873,54589.06039
SWZ,3327.445066,3137.387151,3385.858935,4168.489518,4496.612962,4527.681573,4230.328486,4038.55354,3679.819798,3425.528759,3914.421839,4105.897212
SXM,,,,,27997.28983,28460.33262,27942.88054,33043.68838,32274.89055,31616.6817,29369.05683,29160.10381
SYC,12154.82994,11122.86207,9706.95606,10804.68447,12189.09516,12006.68296,14765.67398,14700.33434,14745.34146,15068.62035,15906.08391,16390.82491
SYR,2032.623183,,,,,,,,,,,
TCA,25457.9765,27650.11538,22020.34886,21029.69563,21839.00992,21345.02598,21715.31397,23778.51913,26183.88504,28241.47929,27545.12879,29553.1367
TCD,799.603742,929.3827519,803.6863884,892.5688697,984.7361305,967.3529488,979.8117426,1020.287979,776.0197523,693.4497674,665.9488849,726.1510071
TEA,2490.388367,3124.303639,3366.269985,4049.422511,4907.543722,5432.816401,5953.112445,6370.399755,6588.031586,6679.251594,7248.229616,8051.812548
TEC,7270.742821,8975.490206,7093.373319,8289.886009,10017.72511,10406.48496,10973.16488,10319.43686,8008.230261,7665.383797,8553.532336,8868.02881
TGO,449.7382505,546.3503702,540.6087126,534.0447826,587.0974928,571.8067239,621.3988536,640.9342196,570.9099672,803.1518934,830.7452767,901.5230169
THA,3973.017172,4379.658787,4213.006654,5076.339872,5492.1215,5860.581471,6168.261356,5951.883487,5840.053067,5993.305516,6593.818352,7296.879608
TJK,526.6432883,715.8657063,676.1235111,749.5524123,847.3824321,969.2961039,1048.225602,1104.172358,978.4049812,807.1025861,848.6723799,853.2188734
TKM,2600.368758,3904.465301,4036.456805,4439.202128,5649.962106,6675.178055,7304.285771,7962.244925,6432.685325,6387.682575,6587.092604,6967.375043
TLA,6812.366805,7861.741278,7278.974799,8991.087026,10139.62059,10123.72578,10261.55107,10350.15899,8745.674436,8440.432404,9316.218215,9001.310135
TLS,523.7375385,614.435755,676.6183307,806.4135263,947.5107667,1013.042872,1210.03999,1232.453997,1332.791772,1353.746815,1286.406785,1230.22528
TMN,3196.620819,3891.740846,3687.834841,4180.083724,4644.969214,5036.826624,4624.312535,4466.514805,3932.172284,3923.436,3802.414802,3500.262154
TON,2910.145122,3331.546555,3006.606344,3527.952342,4002.813771,4581.783245,4428.146521,4354.24436,4336.239603,4157.877249,4513.432531,4740.700272
TSA,959.3051264,959.4611995,1041.994401,1257.499445,1368.944608,1366.115421,1383.560005,1496.00791,1543.489948,1652.196,1867.505482,1894.169093
TSS,1327.036394,1481.833402,1373.92591,1592.59208,1741.010781,1776.51779,1840.729073,1861.462891,1658.514663,1508.352794,1564.22416,1596.825251
TTO,16539.89075,21204.00818,14514.24061,16683.39306,19034.12071,19157.45977,20143.54541,20270.93377,18214.46062,16250.62869,16173.74005,17037.86236
TUN,3776.332046,4307.580023,4128.463959,4141.975964,4264.678122,4152.684394,4222.70514,4305.482357,3861.6924,3697.938729,3481.241106,3438.805067
TUR,9791.88245,10941.17215,9103.474051,10742.77498,11420.55546,11795.63346,12614.78161,12157.99043,11006.27952,10894.60338,10589.66772,9453.196172
TUV,2645.109505,2936.521547,2602.619444,3024.761774,3643.121608,3506.308144,3457.376266,3398.39675,3197.772252,3253.899536,3574.065288,3701.709255
TZA,552.8395016,687.3904455,695.2168433,743.4036639,781.4338957,867.8574989,970.3996014,1030.077648,947.9333517,966.5030166,1004.906588,1042.838759
UGA,403.6637446,474.5179496,796.5309244,819.0074652,828.9941128,786.738711,806.6119363,879.7349486,843.6295453,733.3971317,746.8307512,770.2570601
UKR,3065.611294,3887.242337,2542.995424,2965.139715,3569.758121,3855.417729,4029.711252,3104.643206,2124.662319,2187.73051,2640.675677,3096.817402
UMC,4519.876303,5481.14627,5231.236505,6306.628403,7552.604624,8031.697227,8566.499744,8769.654809,8173.055438,8072.015628,8870.349295,9483.693306
URY,7026.503055,9091.079039,9451.932449,11992.02377,14236.715,15171.58017,16973.68924,16831.94819,15613.74597,16715.63347,18690.89384,18703.86029
USA,47975.9677,48382.55845,47099.98047,48466.6576,49882.55813,51602.93105,53106.53677,55049.98833,56863.3715,58021.4005,60109.65573,63064.41841
UZB,830.4076942,1082.286025,1213.265328,1634.312095,1926.292997,2137.025122,2281.410973,2492.336643,2615.025134,2567.799207,1826.566919,1529.082864
VCT,6307.313617,6415.343305,6232.371642,6292.498854,6242.252962,6390.310632,6639.484897,6684.377547,6921.702479,7074.548765,7213.025857,7361.400962
VEN,8454.469536,11432.74592,11765.09976,13825.35712,10955.53801,12986.22269,12457.7686,16055.64532,,,,
VGB,,,,,,,,,,,,
VIR,44333.88408,39207.72715,38771.63204,40043.55971,39144.88872,37850.77827,34820.11459,33573.71943,34796.49436,36022.54548,36287.87949,37233.29689
VNM,906.2842299,1149.424495,1217.268583,1317.890646,1525.119025,1735.152116,1886.69017,2030.278447,2085.101349,2192.174482,2365.521615,2566.447487
VUT,2352.973255,2629.053124,2573.889015,2839.40634,3173.822022,2997.293432,2954.774511,2926.67996,2695.666186,2805.66532,3082.475083,3125.404999
WLD,8698.944018,9428.524915,8836.328206,9558.485597,10492.80396,10608.95188,10785.97095,10954.7362,10251.09905,10292.60017,10829.97494,11372.24782
WSM,3133.671327,3378.953029,3168.228207,3566.458277,3933.459357,4022.177848,4037.615168,3937.779197,4073.729164,4109.059523,4259.634172,4188.571058
XKX,2685.986222,3254.820269,3209.694109,3286.557443,3741.875052,3596.804655,3891.266363,4080.330717,3603.025501,3780.003689,4045.614209,4419.914327
YEM,1017.292048,1229.246675,1116.084396,1334.784902,1374.621401,1446.536472,1607.152173,1674.002572,1601.830063,1138.603723,960.528848,824.117718
ZAF,6095.62157,5760.805172,5862.797108,7328.6152,8007.476439,7501.661096,6832.725546,6433.400402,5734.633422,5272.543648,6131.47945,6372.605655
ZMB,1124.290586,1394.0005,1159.907499,1489.459087,1672.907535,1763.069442,1878.346811,1762.427817,1338.290927,1280.806543,1535.196574,1516.3711
ZWE,431.7872587,356.6932344,771.5990323,948.331481,1093.653409,1304.968011,1429.998461,1434.896277,1445.069702,1464.588957,1335.665064,1352.162653
